Date,Price,Open,High,Low,Vol.,Change %
25-Mar-22,44331,44013,45112,43622,494.09M,0.72%
24-Mar-22,44013,42911,44251,42658,491.66M,2.57%
23-Mar-22,42912,42373,43027,41795,433.96M,1.27%
22-Mar-22,42373,41022,43327.9,40893,537.06M,3.29%
21-Mar-22,41022,41282,41532,40530,406.62M,-0.62%
20-Mar-22,41276,42241,42301,40922,308.45M,-2.27%
19-Mar-22,42233,41768,42386,41529.6,224.59M,1.11%
18-Mar-22,41767.8,40914.6,42308.4,40234.8,2.31B,2.08%
17-Mar-22,40914.8,41118.7,41406,40557.8,1.90B,-0.50%
16-Mar-22,41118.7,39282.5,41701.6,38953.2,4.47B,4.67%
15-Mar-22,39285.7,39673,39854.7,38220.9,2.25B,-0.97%
14-Mar-22,39671.1,37789.5,39914.3,37613.6,2.33B,4.97%
13-Mar-22,37792.4,38813.2,39272.3,37603.4,1.55B,-2.63%
12-Mar-22,38814.3,38730.2,39355.3,38666.5,1.11B,0.22%
11-Mar-22,38730.2,39422.5,40177,38236.4,2.79B,-1.74%
10-Mar-22,39416.3,41933.9,42029.1,38603.5,3.62B,-5.99%
9-Mar-22,41929,38731.5,42538.5,38663.3,3.60B,8.22%
8-Mar-22,38744.8,38020.6,39351.5,37886.6,2.67B,1.89%
7-Mar-22,38024.8,38420.6,39532,37182.1,3.02B,-0.99%
6-Mar-22,38403.1,39396.3,39668.1,38115,1.93B,-2.52%
5-Mar-22,39395.8,39142.8,39600.2,38626.1,1.50B,0.65%
4-Mar-22,39142.7,42463,42848.7,38594.9,3.21B,-7.82%
3-Mar-22,42463,43912.8,44077.2,41840.8,74.11K,-3.30%
2-Mar-22,43912.8,44420.3,45294.2,43361.3,80.82K,-1.14%
1-Mar-22,44420.3,43187.2,44900.5,42876.6,90.67K,2.85%
28-Feb-22,43188.2,37707.2,43977.8,37458.9,108.07K,14.59%
27-Feb-22,37689.1,39116.6,39838.5,37062.3,66.14K,-3.65%
26-Feb-22,39115.5,39221.6,40094.5,38639.1,41.55K,-0.24%
25-Feb-22,39209.6,38339.2,39683.7,38042.6,83.78K,2.27%
24-Feb-22,38339.2,37250.2,39351.6,34357.4,180.47K,2.99%
23-Feb-22,37224.6,38248.2,39194.5,37099.5,64.84K,-2.68%
22-Feb-22,38248.2,37018.3,38414.9,36399.6,82.75K,3.32%
21-Feb-22,37017.7,38355,39444.1,36868.9,91.82K,-3.49%
20-Feb-22,38355,40089.6,40120.3,38042.2,47.92K,-4.33%
19-Feb-22,40090.3,40000.1,40434.3,39666.6,25.78K,0.23%
18-Feb-22,40000.1,40532.5,40935.5,39505,64.96K,-1.36%
17-Feb-22,40552.8,43885.5,44167.1,40103.8,72.63K,-7.59%
16-Feb-22,43883.6,44540.9,44552.9,43377.6,41.40K,-1.48%
15-Feb-22,44544.4,42550.3,44722.6,42460.1,56.34K,4.69%
14-Feb-22,42550.3,42061.1,42799.7,41591.3,53.60K,1.16%
13-Feb-22,42061.1,42205.5,42725.1,41880.1,25.88K,-0.34%
12-Feb-22,42205.2,42388.4,43006.4,41776.8,37.88K,-0.43%
11-Feb-22,42388.4,43519.3,43915.1,42023.4,69.95K,-2.60%
10-Feb-22,43521,44388.9,45755.2,43242.5,89.69K,-1.96%
9-Feb-22,44388.9,44038.2,44800.4,43163,50.92K,0.80%
8-Feb-22,44038.2,43833.9,45399.8,42705,92.88K,0.47%
7-Feb-22,43833.9,42385.2,44468.3,41695.4,76.60K,3.40%
6-Feb-22,42392.2,41411.9,42614.8,41176.3,31.20K,2.37%
5-Feb-22,41412.1,41566.5,41899.8,40963.3,46.32K,-0.37%
4-Feb-22,41567.6,37287.8,41689,37041.1,95.49K,11.48%
3-Feb-22,37287.8,36890.2,37304.3,36297.3,50.35K,1.08%
2-Feb-22,36890.2,38711.2,38853.8,36682.3,53.74K,-4.70%
1-Feb-22,38709.7,38475.6,39230,38037.9,55.20K,0.55%
31-Jan-22,38498.6,37923.8,38701.4,36672.8,61.27K,1.53%
30-Jan-22,37917.7,38167.5,38313.3,37390.6,34.10K,-0.66%
29-Jan-22,38170.8,37736.5,38663.7,37350.2,42.77K,1.13%
28-Jan-22,37745.1,37195.6,37995.9,36176.5,69.45K,1.56%
27-Jan-22,37164.3,36800.1,37215.4,35543.2,83.52K,0.99%
26-Jan-22,36800.4,36962.3,38862.6,36280,107.87K,-0.41%
25-Jan-22,36950.6,36691.3,37501.8,35729.3,79.68K,0.72%
24-Jan-22,36686.3,36268.6,37424,32985.6,153.77K,1.15%
23-Jan-22,36269.5,35072.9,36513,34655.2,70.43K,3.40%
22-Jan-22,35075.2,36467.7,36749.8,34116,138.09K,-3.84%
21-Jan-22,36475.5,40698.1,41104.6,35503.9,155.80K,-10.41%
20-Jan-22,40715.9,41683.6,43487.1,40568.3,65.28K,-2.31%
19-Jan-22,41677.8,42365.3,42558,41160.9,53.77K,-1.62%
18-Jan-22,42364.6,42209.9,42674.2,41300.7,47.32K,0.37%
17-Jan-22,42209.3,43080.5,43179.6,41559.4,41.44K,-2.02%
16-Jan-22,43079.1,43079.2,43462,42643.3,28.66K,-0.04%
15-Jan-22,43097,43073.6,43777.9,42586.1,31.44K,0.06%
14-Jan-22,43073.3,42562.2,43435.1,41848.7,50.50K,1.21%
13-Jan-22,42560,43900,44404.7,42337.5,53.42K,-3.05%
12-Jan-22,43901,42735,44243.6,42476.7,53.95K,2.73%
11-Jan-22,42733.2,41829.1,43090.2,41287.6,61.78K,2.15%
10-Jan-22,41832.2,41848.9,42243.8,39697,85.50K,-0.04%
9-Jan-22,41848.3,41681.2,42764.4,41260.9,37.51K,0.42%
8-Jan-22,41672,41551.3,42304.4,40574.3,52.54K,0.30%
7-Jan-22,41546.7,43097.9,43127.7,40810,88.36K,-3.60%
6-Jan-22,43097.5,43431.6,43772.3,42481.1,63.08K,-0.76%
5-Jan-22,43425.9,45833.1,47019.4,42535.1,83.74K,-5.26%
4-Jan-22,45837.3,46435.7,47505.4,45602.1,55.59K,-1.28%
3-Jan-22,46430.2,47293.9,47556,45704,41.06K,-1.86%
2-Jan-22,47311.8,47738.7,47944.9,46718.2,27.02K,-0.89%
1-Jan-22,47738,46217.5,47917.6,46217.5,31.24K,3.29%
31-Dec-21,46219.5,47123.3,48553.9,45693.6,58.18K,-1.92%
30-Dec-21,47123.3,46470.7,47901.4,46003,60.96K,1.42%
29-Dec-21,46461.7,47548.4,48121.7,46127.8,63.92K,-2.28%
28-Dec-21,47545.2,50703.4,50703.8,47345.7,74.39K,-6.18%
27-Dec-21,50678.2,50783.6,52016.3,50459,43.90K,-0.20%
26-Dec-21,50779.9,50404,51247,49527,32.34K,0.74%
25-Dec-21,50406.4,50789.6,51140.2,50196.8,26.67K,-0.75%
24-Dec-21,50786.1,50807.4,51795.3,50428.4,45.97K,-0.03%
23-Dec-21,50801,48599.6,51355.6,48053.4,56.24K,4.53%
22-Dec-21,48599.7,48898.7,49540.3,48449.7,40.89K,-0.62%
21-Dec-21,48902,46900.1,49306.1,46654,57.88K,4.28%
20-Dec-21,46895.2,46703.4,47488.9,45577.3,57.53K,0.41%
19-Dec-21,46704.5,46855.7,48270.2,46438.4,44.05K,-0.32%
18-Dec-21,46856.2,46171.8,47330.2,45513.4,36.93K,1.48%
17-Dec-21,46172.2,47630.4,47997.2,45523.8,67.50K,-3.06%
16-Dec-21,47628.2,48876.6,49387.8,47543.9,48.20K,-2.54%
15-Dec-21,48871.5,48366.2,49477.9,46572.6,80.28K,1.04%
14-Dec-21,48366.5,46709.8,48635,46338.3,62.54K,3.56%
13-Dec-21,46703.6,50075.9,50196.1,45848.2,80.37K,-6.74%
12-Dec-21,50081,49332.5,50779.2,48670.5,40.30K,1.55%
11-Dec-21,49314.5,47138.4,49487,46834,45.23K,4.62%
10-Dec-21,47137.2,47591.7,49974.8,47007.1,68.06K,-0.97%
9-Dec-21,47596.6,50477.6,50790.2,47341.9,58.69K,-5.70%
8-Dec-21,50473.9,50596.6,51204.7,48700.7,55.59K,-0.24%
7-Dec-21,50595.2,50547.4,51918.6,50070.9,56.29K,0.07%
6-Dec-21,50562.1,49412.1,50913.3,47237.9,89.68K,2.34%
5-Dec-21,49405.5,49196.4,49689.3,47797.8,72.03K,0.43%
4-Dec-21,49195.2,53620.7,53847.2,42587.8,168.00K,-8.27%
3-Dec-21,53631.5,56495.2,57543.6,52008.9,89.20K,-5.07%
2-Dec-21,56496,57207.8,57377.5,55807.9,54.94K,-1.25%
1-Dec-21,57210.3,56891.7,59064.3,56496.5,66.75K,0.58%
30-Nov-21,56882.9,57795.2,59174.4,55936.9,73.66K,-1.58%
29-Nov-21,57794.8,57288.1,58855.2,56726.7,58.65K,0.88%
28-Nov-21,57291.5,54758,57392.3,53448.3,49.28K,4.61%
27-Nov-21,54765.9,53747.2,55280.3,53654.3,40.71K,1.93%
26-Nov-21,53730.9,58937.3,59151.1,53533.5,104.03K,-8.83%
25-Nov-21,58935.1,57167.1,59387.3,57029.8,56.79K,3.08%
24-Nov-21,57171.7,57559.4,57697.4,55910.6,56.68K,-0.70%
23-Nov-21,57573.2,56304.8,57855.1,55542.5,72.48K,2.25%
22-Nov-21,56308.8,58719.7,59288.3,55656.8,76.45K,-4.10%
21-Nov-21,58714.3,59724,60002.6,58528.3,40.98K,-1.68%
20-Nov-21,59717.6,58080.8,59854.6,57435.3,44.53K,2.81%
19-Nov-21,58083.4,56908.3,58335.9,55626.3,74.44K,1.98%
18-Nov-21,56955.3,60368.2,60936.9,56524.4,100.37K,-5.65%
17-Nov-21,60367.8,60074.2,60814.5,58531.9,73.93K,0.46%
16-Nov-21,60089.1,63605.1,63605.6,58655.9,115.36K,-5.52%
15-Nov-21,63597.9,65514.9,66311.2,63439.5,53.53K,-2.92%
14-Nov-21,65508.2,64397.2,65508.2,63608.3,33.98K,1.72%
13-Nov-21,64398.6,64133.3,64906,63381.4,30.34K,0.41%
12-Nov-21,64134.5,64782.6,65449.7,62309.7,63.27K,-1.04%
11-Nov-21,64806.7,64922.8,65583.3,64121.9,50.37K,-0.19%
10-Nov-21,64932.6,66942.6,68990.6,62951.3,96.21K,-2.95%
9-Nov-21,66904.4,67528.7,68493.3,66334.9,66.13K,-0.92%
8-Nov-21,67527.9,63276.4,67763.3,63276.4,81.08K,6.72%
7-Nov-21,63273.2,61483.8,63273.2,61347.2,34.34K,2.91%
6-Nov-21,61483.9,60973.2,61543.2,60093.6,34.89K,0.84%
5-Nov-21,60974.3,61411.5,62560.3,60742.4,44.46K,-0.71%
4-Nov-21,61412.6,62915.4,63077.6,60742.9,49.91K,-2.39%
3-Nov-21,62918.5,63223.5,63508.6,60883,61.05K,-0.48%
2-Nov-21,63221.7,60912.2,64256.4,60651.5,65.26K,3.79%
1-Nov-21,60915.3,61310.1,62430.1,59612.7,61.21K,-0.64%
31-Oct-21,61309.6,61842.2,62393.7,60005.7,50.06K,-0.86%
30-Oct-21,61840.1,62245,62338.5,60786,40.51K,-0.65%
29-Oct-21,62242.8,60579.9,62952.2,60322.2,63.39K,2.74%
28-Oct-21,60582.5,58437.2,62251.3,58128.1,88.47K,3.67%
27-Oct-21,58438.1,60312.5,61452.9,58112.6,88.11K,-3.11%
26-Oct-21,60310.8,63067.5,63275.1,59907.3,57.13K,-4.37%
25-Oct-21,63067,60864.3,63694.8,60655.8,51.06K,3.62%
24-Oct-21,60866.5,61308.2,61469.9,59523.7,42.67K,-0.73%
23-Oct-21,61312.5,60693.2,61728.7,59738.3,37.05K,1.03%
22-Oct-21,60690.3,62200.8,63699.7,60055.7,75.69K,-2.44%
21-Oct-21,62210.2,66004.6,66616.9,62092.1,105.38K,-5.71%
20-Oct-21,65979.1,64276.9,66967.1,63543.7,79.87K,2.65%
19-Oct-21,64278.5,62030.2,64454,61451,80.16K,3.58%
18-Oct-21,62056.3,61525.8,62623.6,60026.9,80.15K,0.86%
17-Oct-21,61527.5,60865.5,61651.4,59143.4,53.39K,1.09%
16-Oct-21,60861.1,61669.2,62329.2,60161.9,49.93K,-1.32%
15-Oct-21,61672.5,57348.2,62892.8,56874.8,121.48K,7.54%
14-Oct-21,57345.8,57370.4,58506.5,56866.8,59.84K,-0.06%
13-Oct-21,57380.1,56014.5,57697.4,54314.4,73.62K,2.44%
12-Oct-21,56015.9,57480.6,57635.7,54155.4,74.85K,-2.54%
11-Oct-21,57477.3,54686.9,57814.1,54457.8,73.84K,5.10%
10-Oct-21,54687.7,54942.5,56432.2,54100.8,104.43K,-0.46%
9-Oct-21,54942.5,53924.1,55430.8,53711.7,64.65K,1.91%
8-Oct-21,53914.7,53785.5,55977.9,53659.3,64.05K,0.24%
7-Oct-21,53783.9,55325.2,55325.6,53476.4,75.68K,-2.78%
6-Oct-21,55323.2,51470,55676.1,50439.5,116.26K,7.49%
5-Oct-21,51469.3,49229.5,51872.4,49060.1,76.63K,4.55%
4-Oct-21,49227.3,48200.4,49481.7,46958.6,66.92K,2.13%
3-Oct-21,48200.1,47665.4,49165.2,47123,42.41K,1.12%
2-Oct-21,47666.9,48147.2,48306.9,47451.7,39.82K,-1.00%
1-Oct-21,48146,43824.4,48435.2,43292.9,94.66K,9.86%
30-Sep-21,43823.3,41534.5,44101.2,41416.7,64.32K,5.50%
29-Sep-21,41536.8,41023.1,42571.2,40815,48.21K,1.25%
28-Sep-21,41022.3,42169.9,42758.8,40906.4,60.01K,-2.73%
27-Sep-21,42172.6,43200.9,44293.2,42143.9,54.12K,-2.39%
26-Sep-21,43203.4,42685.8,43907.3,40786.6,69.91K,1.21%
25-Sep-21,42686.8,42818.7,42959.3,41714.5,46.35K,-0.31%
24-Sep-21,42819.9,44867.4,45112,40908.5,128.88K,-4.57%
23-Sep-21,44869.2,43550.7,44949.8,43090.1,74.54K,3.03%
22-Sep-21,43551.6,40660.8,43976.7,40585.7,93.98K,7.13%
21-Sep-21,40651.3,43012.3,43619.3,39646.8,142.55K,-5.18%
20-Sep-21,42870.6,47240.8,47323.9,42547.1,77.96K,-9.25%
19-Sep-21,47238.7,48299.9,48341.9,46866.6,41.98K,-2.21%
18-Sep-21,48306.7,47283.9,48761,47070.5,43.64K,2.17%
17-Sep-21,47282.8,47748.2,48155.9,46788.8,50.16K,-0.97%
16-Sep-21,47748,48132.3,48480.6,47040.3,60.91K,-0.80%
15-Sep-21,48130.6,47070.8,48436.5,46743.9,63.40K,2.24%
14-Sep-21,47077.5,44950.2,47247.6,44718.7,65.33K,4.73%
13-Sep-21,44949.5,46060.8,46807.7,43463.2,96.15K,-2.42%
12-Sep-21,46062.3,45162.6,46386.4,44755.2,44.52K,1.99%
11-Sep-21,45161.9,44844.9,45975.6,44766.6,41.58K,0.71%
10-Sep-21,44842.8,46385.9,47021.6,44283.6,75.62K,-3.33%
9-Sep-21,46385.6,46057.6,47305.7,45609,73.63K,0.70%
8-Sep-21,46061.4,46774.1,47316.9,44493.7,100.48K,-1.54%
7-Sep-21,46779.6,52674.2,52885.3,43072.4,187.56K,-11.19%
6-Sep-21,52672.1,51769.4,52726.2,51002.8,69.46K,1.75%
5-Sep-21,51768.6,49918.7,51878.2,49492.4,57.30K,3.71%
4-Sep-21,49918.4,49999.3,50534.6,49461.4,48.14K,-0.16%
3-Sep-21,49999,49269.5,51008.8,48377.3,88.08K,1.47%
2-Sep-21,49274.3,48817.8,50355.3,48612.9,80.21K,0.93%
1-Sep-21,48819.4,47129.2,49121,46533.1,74.38K,3.58%
31-Aug-21,47130.4,46989.1,48217,46709.3,71.48K,0.29%
30-Aug-21,46992.7,48777.1,48886,46876.9,61.68K,-3.66%
29-Aug-21,48777.4,48899.7,49621.7,47870.1,47.62K,-0.24%
28-Aug-21,48897.1,49062.8,49289.4,48428.5,36.73K,-0.34%
27-Aug-21,49064.3,46830.2,49142,46371.5,62.47K,4.77%
26-Aug-21,46831.6,48994.4,49347.8,46360.4,73.79K,-4.41%
25-Aug-21,48994.5,47707.4,49230.2,47163.3,63.54K,2.68%
24-Aug-21,47714.7,49532.5,49847.4,47623.6,74.26K,-3.68%
23-Aug-21,49539.7,49255.4,50498.8,49038.6,75.37K,0.58%
22-Aug-21,49254.5,48870.4,49480.3,48151,49.32K,0.77%
21-Aug-21,48875.8,49330,49719.1,48293.5,18.20K,-0.91%
20-Aug-21,49324,46756.7,49343.3,46646.8,83.19K,5.49%
19-Aug-21,46755.9,44725.9,47012.3,43986.7,77.92K,4.54%
18-Aug-21,44723.8,44691.1,46004.9,44230,22.36K,0.07%
17-Aug-21,44691.6,45907.5,47140.6,44441.3,84.14K,-2.84%
16-Aug-21,45996.3,46991.6,48002.4,45672.1,2.41K,-2.12%
15-Aug-21,46991.3,47082.6,47344.1,45564.1,58.11K,-0.19%
14-Aug-21,47081.5,47809.6,48090.9,46117.2,64.29K,-1.52%
13-Aug-21,47809.1,44404,47836,44242.4,75.27K,7.67%
12-Aug-21,44403.4,45562.3,46213.8,43814.7,81.07K,-2.55%
11-Aug-21,45564.3,45593.2,46736.5,45367.9,75.43K,-0.06%
10-Aug-21,45593.8,46281.8,46663.4,44681.2,80.55K,-1.49%
9-Aug-21,46284.3,43794.9,46460.7,42824.1,117.08K,5.69%
8-Aug-21,43792.8,44584.9,45284.1,43314.4,105.25K,-1.84%
7-Aug-21,44614.2,42784.7,44697.3,42611,112.84K,4.25%
6-Aug-21,42795.4,40868.4,43253.4,39905.4,111.93K,4.72%
5-Aug-21,40867.2,39734.4,41366.3,37365.4,130.60K,2.84%
4-Aug-21,39736.9,38188.4,39956.5,37556,79.22K,4.21%
3-Aug-21,38130.3,39167.4,39766.6,37688.2,0.26K,-2.65%
2-Aug-21,39168.4,39869.8,40449,38692.5,74.81K,-1.78%
1-Aug-21,39878.3,41510,42565,39556.5,80.33K,-4.03%
31-Jul-21,41553.7,42201.4,42285.3,41066.4,44.65K,-1.54%
30-Jul-21,42203.4,40001.1,42264.4,38358.4,98.45K,5.50%
29-Jul-21,40001.4,40009,40630.7,39340.8,75.30K,0.00%
28-Jul-21,40003.2,39450.4,40862.2,38883.8,148.92K,1.40%
27-Jul-21,39452,37294.3,39455.9,36427.4,100.24K,5.84%
26-Jul-21,37276.6,35392.3,40522.9,35236.7,177.63K,5.33%
25-Jul-21,35391.1,34392.5,35391.1,33881.3,65.10K,4.63%
24-Jul-21,33824.8,33600.5,33955,33412.9,67.14K,0.66%
23-Jul-21,33603.3,32297.9,33605.6,32041.1,66.15K,4.04%
22-Jul-21,32298.9,32131.7,32585.4,31729.4,64.87K,0.52%
21-Jul-21,32131.4,29794.7,32794.6,29519.3,118.34K,7.85%
20-Jul-21,29793.8,30835.4,31040.8,29310.2,97.46K,-3.38%
19-Jul-21,30837.2,31782.9,31887,30478.2,77.48K,-2.98%
18-Jul-21,31785.4,31517.9,32408.2,31220.6,57.01K,0.85%
17-Jul-21,31518.6,31384.4,31914.8,31207.8,58.06K,0.40%
16-Jul-21,31394,31842.3,32239.8,31062.2,70.48K,-1.40%
15-Jul-21,31840.5,32820.5,33157,31175.8,76.95K,-2.99%
14-Jul-21,32820.7,32727.8,33051.9,31611.2,69.56K,0.28%
13-Jul-21,32728.1,33106.1,33307.7,32259.5,60.04K,-1.16%
12-Jul-21,33113,34228.3,34598,32662.8,63.24K,-3.26%
11-Jul-21,34227.7,33510.8,34580.6,33319.8,35.72K,2.14%
10-Jul-21,33510.6,33797.7,34221,33056.8,50.94K,-0.85%
9-Jul-21,33797.4,32866.3,34079.2,32367,67.14K,2.83%
8-Jul-21,32866.3,33859.4,33923.2,32146.9,108.09K,-2.96%
7-Jul-21,33867.8,34228.7,35036.6,33801.3,72.03K,-1.05%
6-Jul-21,34225.6,33688.5,35062,33581.7,83.63K,1.60%
5-Jul-21,33687.8,35297,35300.5,33164.1,88.36K,-4.56%
4-Jul-21,35298.2,34742.8,35957.6,34740.1,56.13K,1.60%
3-Jul-21,34742.8,33814.2,34909.8,33363.3,55.69K,2.75%
2-Jul-21,33813.4,33542.2,33925.9,32734.6,78.93K,0.80%
1-Jul-21,33543.6,35030.7,35032.7,32839.2,27.41K,-4.23%
30-Jun-21,35026.9,35832.6,36089.5,34126.6,107.07K,-2.25%
29-Jun-21,35834.7,34477.3,36590.3,34247.6,97.27K,3.94%
28-Jun-21,34475.9,34682.2,35231.2,33944.9,112.00K,-0.58%
27-Jun-21,34678.5,32247.1,34685.5,32041.7,148.80K,7.55%
26-Jun-21,32243.4,31592.1,32643,30206.9,156.67K,2.06%
25-Jun-21,31594,34660.5,35490.9,31337.9,193.43K,-8.86%
24-Jun-21,34665.8,33678.1,35249.9,32356.7,119.25K,2.94%
23-Jun-21,33674.3,32498.3,34784.3,31736.5,173.34K,3.62%
22-Jun-21,32496.4,31682.7,33272.5,28901.8,309.65K,2.54%
21-Jun-21,31692,35597.9,35708.4,31284.1,256.87K,-10.97%
20-Jun-21,35595.8,35510.9,36097.9,33378,137.48K,0.23%
19-Jun-21,35513.4,35770,36357.3,34845.5,105.46K,-0.66%
18-Jun-21,35749.4,38045.5,38166,35198.5,102.84K,-6.05%
17-Jun-21,38052,38337.8,39529.9,37425.3,109.58K,-0.74%
16-Jun-21,38336,40148.1,40494.4,38156.4,123.52K,-4.53%
15-Jun-21,40156.1,40522.5,41318,39589.9,117.55K,-0.92%
14-Jun-21,40529.4,39024.1,40970.4,38769.9,157.35K,3.86%
13-Jun-21,39022.9,35467.5,39321.6,34827,123.32K,10.02%
12-Jun-21,35467.5,37334.4,37437.3,34703.3,87.73K,-4.95%
11-Jun-21,37314.6,36654.3,37641.1,36003.3,109.15K,1.81%
10-Jun-21,36649.4,37375.2,38340.8,35824,154.32K,-1.83%
9-Jun-21,37332.2,33385.5,37517.6,32428.6,209.82K,11.83%
8-Jun-21,33382.9,33574.6,34047.8,31158.1,193.54K,-0.58%
7-Jun-21,33578,35815.4,36754.6,33410.1,119.50K,-6.25%
6-Jun-21,35815.4,35518.7,36434,35265.3,62.20K,0.83%
5-Jun-21,35520,36841.2,37887.6,34832,101.48K,-3.61%
4-Jun-21,36851.3,39191.4,39255.4,35659.9,127.71K,-5.96%
3-Jun-21,39187.3,37555.7,39462.3,37193.6,106.44K,4.34%
2-Jun-21,37555.8,36687.7,38199.9,35981.1,96.89K,2.37%
1-Jun-21,36687.6,37294.3,37850.3,35742.7,113.48K,-1.64%
31-May-21,37298.6,35644,37480.7,34213.2,131.70K,4.62%
30-May-21,35652.8,34589.3,36388.6,33441,104.18K,3.09%
29-May-21,34584.6,35664.5,37227.1,33664.2,160.43K,-3.02%
28-May-21,35662.5,38543.2,38844.1,34772.4,199.58K,-7.17%
27-May-21,38417.3,39249,40322.2,37190.8,122.93K,-2.12%
26-May-21,39249.2,38375.7,40750,37847,153.80K,2.27%
25-May-21,38378.3,38753.6,39740.8,36540.7,163.01K,-0.96%
24-May-21,38750.6,34720.3,39851.7,34474.6,244.88K,11.74%
23-May-21,34679.7,37446.8,38248.7,31192.4,325.73K,-7.39%
22-May-21,37448.3,37291,38776,35314.9,185.83K,0.40%
21-May-21,37297.4,40611.2,42108.3,33592.3,315.50K,-8.40%
20-May-21,40717.2,36706.8,42425.9,35010.4,269.75K,10.88%
19-May-21,36720.5,42898.3,43516.6,30261.7,607.10K,-14.40%
18-May-21,42897.3,43538.5,45770.9,42293.9,154.96K,-1.48%
17-May-21,43541.3,46424.2,46545.4,42201.5,274.76K,-6.21%
16-May-21,46426.4,46729.3,49764.3,43920.8,180.07K,-0.60%
15-May-21,46708.8,49839.1,50640.9,46650.2,131.91K,-6.28%
14-May-21,49839.8,49704.9,51459.2,48874,118.84K,0.27%
13-May-21,49704.6,49398.2,51337.3,46331.1,236.71K,0.65%
12-May-21,49384.2,56694.5,57938.5,49187,160.74K,-12.90%
11-May-21,56695.7,55846.1,56871.1,54550.4,96.47K,1.52%
10-May-21,55848.9,58251.2,59523.9,53678.3,142.61K,-4.10%
9-May-21,58238.3,58840.6,59227,56414.4,103.59K,-1.02%
8-May-21,58840.1,57330.3,59471.1,56972.2,101.27K,2.62%
7-May-21,57337.2,56411.4,58639.3,55300.1,110.01K,1.65%
6-May-21,56405.4,57441,58364.9,55294.5,109.02K,-1.80%
5-May-21,57441.3,53872.5,57936.4,53872.5,119.82K,6.88%
4-May-21,53741.5,57170.6,57201.3,53741.5,132.33K,-6.00%
3-May-21,57169.8,56605.8,58925.1,56562.4,89.24K,1.00%
2-May-21,56603.8,57807.2,57868.4,56110.5,53.61K,-2.08%
1-May-21,57807.1,57719.1,58449.4,57029.5,63.41K,0.15%
30-Apr-21,57720.3,53562.3,57925.6,53088.7,103.74K,7.77%
29-Apr-21,53560.8,54838.6,55173.7,52400,83.90K,-2.34%
28-Apr-21,54841.4,55036,56419.9,53876.4,86.96K,-0.35%
27-Apr-21,55036.5,54011.1,55427.8,53345,84.08K,1.88%
26-Apr-21,54020.5,48963.5,54320.9,48815.9,129.76K,10.33%
25-Apr-21,48963.6,50088.2,50532.4,47098.5,59.20K,-2.25%
24-Apr-21,50088.9,51140.8,51183,48775.2,82.25K,-2.06%
23-Apr-21,51143.6,51707.1,52099.9,47659.4,214.46K,-1.13%
22-Apr-21,51729.5,53821.3,55408.4,50590.9,168.13K,-3.88%
21-Apr-21,53820.2,56479.5,56764.4,53657.6,100.26K,-4.71%
20-Apr-21,56483.2,55645.1,57054.9,53422.5,115.49K,1.50%
19-Apr-21,55646.1,56208.1,57517,54272.3,117.51K,-1.00%
18-Apr-21,56207.1,60043.2,60362.1,51817.6,216.81K,-6.39%
17-Apr-21,60041.9,61358.3,62509.1,59672.1,84.08K,-2.18%
16-Apr-21,61379.7,63211.6,63518.5,60027.3,136.85K,-2.90%
15-Apr-21,63216,62978.6,63729.1,62067.5,76.97K,0.37%
14-Apr-21,62980.4,63544.2,64778,61366.3,130.43K,-0.88%
13-Apr-21,63540.9,59863.6,63659,59839.4,126.56K,6.14%
12-Apr-21,59863.8,59982.1,61259.9,59569.2,81.88K,-0.19%
11-Apr-21,59978.7,59772.4,60667.1,59250.3,58.20K,0.39%
10-Apr-21,59748.4,58127.4,61229,57900,103.72K,2.80%
9-Apr-21,58118.7,58076.8,58890.9,57686,59.22K,0.07%
8-Apr-21,58077.4,55948,58136.7,55721.6,64.78K,3.80%
7-Apr-21,55948.7,57996.3,58627.7,55489.3,110.69K,-3.53%
6-Apr-21,57996.3,59169,59487,57403.3,77.15K,-1.69%
5-Apr-21,58993.4,58202.3,59205.1,56842.7,54.13K,1.36%
4-Apr-21,58199.9,57059.7,58464.8,56470.6,57.21K,2.00%
3-Apr-21,57059.9,58976.8,59770.5,56906.7,68.74K,-3.25%
2-Apr-21,58977.3,58718.2,60134.9,58466.5,72.37K,0.44%
1-Apr-21,58718.3,58763.2,59406.5,58040.7,69.04K,-0.08%
31-Mar-21,58763.7,58771.4,59795.6,56991.6,98.06K,-0.01%
30-Mar-21,58771.3,57614.6,59366.9,57077.1,86.21K,2.00%
29-Mar-21,57616.2,55764.7,58392.6,54951.1,107.91K,3.32%
28-Mar-21,55765.2,55856.9,56504.2,54711.3,58.71K,-0.17%
27-Mar-21,55862.9,55033.8,56531.1,54010.2,73.87K,1.50%
26-Mar-21,55036.1,51317.4,55074.1,51302,100.30K,7.24%
25-Mar-21,51322.3,52330,53175.4,50441.3,143.35K,-1.92%
24-Mar-21,52325.4,54309.1,57169.4,51725.4,137.91K,-3.91%
23-Mar-21,54452.5,54117.5,55813.8,52992.3,84.84K,0.54%
22-Mar-21,54158.3,57379.3,58379.9,53784.2,95.53K,-5.62%
21-Mar-21,57383.8,58097.4,58583.8,55583.3,77.47K,-1.22%
20-Mar-21,58093.4,58084.1,59882.1,57863,67.83K,0.01%
19-Mar-21,58088,57645,59448.3,56305.1,83.98K,0.75%
18-Mar-21,57656,58911.8,60088,57099.6,102.62K,-2.13%
17-Mar-21,58913.5,56892.9,58933.2,54253.2,118.26K,3.56%
16-Mar-21,56889.7,55619.5,56889.7,53342.6,128.51K,1.97%
15-Mar-21,55791.3,59117.4,60565.9,55088.8,117.71K,-5.62%
14-Mar-21,59113.7,61192.7,61673.7,59113.7,80.29K,-3.40%
13-Mar-21,61195.3,57267.4,61795.8,56118.8,134.64K,6.86%
12-Mar-21,57265.1,57806.2,58052.3,55134.5,116.96K,-0.92%
11-Mar-21,57799.5,55851.2,58135,54351.8,129.63K,3.49%
10-Mar-21,55851.9,54882.7,57328.7,53073.6,140.96K,1.77%
9-Mar-21,54879,52352.4,54880.6,51941.3,114.06K,4.91%
8-Mar-21,52311,50988.9,52384.9,49338.1,68.14K,2.61%
7-Mar-21,50982.3,48899,51434.1,48890.6,82.91K,4.35%
6-Mar-21,48855.6,48798.7,49191.8,47132.8,66.66K,0.13%
5-Mar-21,48792.5,48363.6,49429.4,46370.1,113.64K,0.75%
4-Mar-21,48428,50388,51757.7,47521.8,9.56K,-3.90%
3-Mar-21,50395.1,48422.2,52567.9,48159.2,44.93K,4.07%
2-Mar-21,48424.2,49595.6,50191.9,47100.6,102.10K,-2.36%
1-Mar-21,49595.5,45160.5,49774,45008.8,137.52K,9.81%
28-Feb-21,45164,46136,46582,43100.6,135.08K,-2.11%
27-Feb-21,46136.7,46333.1,48335.1,45059.4,98.75K,-0.45%
26-Feb-21,46345.6,46928.5,48413.9,44248.2,189.41K,-1.24%
25-Feb-21,46928.5,49695.9,52013.8,46773.7,83.22K,-5.57%
24-Feb-21,49697.5,48911.1,51311.8,47031.7,153.75K,1.61%
23-Feb-21,48911.2,54114.1,54115,45093.8,315.07K,-9.61%
22-Feb-21,54111.8,57437.6,57480.8,48353.8,244.95K,-5.78%
21-Feb-21,57433.8,55907.6,58335.1,55502.7,87.26K,2.70%
20-Feb-21,55923.7,55922,57523.8,54124.1,127.85K,0.03%
19-Feb-21,55906.6,51590.1,56238.5,50816.8,139.43K,8.38%
18-Feb-21,51582.2,52094.5,52524,50941.6,94.35K,-0.95%
17-Feb-21,52079.2,49161.3,52577.7,49018.1,140.03K,5.92%
16-Feb-21,49169.7,47934.2,50515.8,47044.4,141.37K,2.57%
15-Feb-21,47936.3,48611.1,48936.5,45786.1,123.18K,-1.45%
14-Feb-21,48643.4,47172.1,49695.1,47051.9,106.50K,3.13%
13-Feb-21,47168.7,47373.1,48097.3,46270.5,89.42K,-0.43%
12-Feb-21,47371.7,47995,48927.4,46218.6,133.73K,-1.29%
11-Feb-21,47990.7,44834.8,48622.1,44041.1,145.77K,7.04%
10-Feb-21,44836,46507.8,47295.3,43800.5,151.83K,-3.60%
9-Feb-21,46508.6,46396.4,48143.5,45104.7,193.87K,0.24%
8-Feb-21,46395.7,38853.6,46596.4,38057,248.47K,19.41%
7-Feb-21,38852.9,39228.9,39691.7,37381.6,125.37K,-1.03%
6-Feb-21,39256.6,38300.6,40939.7,38275.3,156.02K,2.50%
5-Feb-21,38297.6,36976.4,38303.6,36640,100.60K,3.56%
4-Feb-21,36982.1,37648.9,38707.9,36380.8,151.44K,-1.77%
3-Feb-21,37646.8,35486.9,37646.8,35401.5,131.03K,6.09%
2-Feb-21,35485.2,33514,35976.1,33462.4,120.85K,5.88%
1-Feb-21,33515.7,33106.8,34685.6,32324.9,126.32K,1.23%
31-Jan-21,33108.1,34281.6,34348.3,32189.9,101.92K,-3.43%
30-Jan-21,34283.1,34300,34920.9,32908.5,128.57K,-0.05%
29-Jan-21,34301.8,33381.7,38546,31953.3,297.73K,2.78%
28-Jan-21,33374.8,30408.9,33790.8,29911.9,167.39K,9.77%
27-Jan-21,30404,32499.6,32545.4,29290.4,194.35K,-6.46%
26-Jan-21,32502.1,32244.1,32917.7,30850,139.84K,0.77%
25-Jan-21,32252.3,32244.3,34854.3,31967.4,142.43K,0.03%
24-Jan-21,32241.3,32088.5,33034.8,30982.9,88.21K,0.47%
23-Jan-21,32088.9,32994.1,33441.4,31418.2,100.70K,-2.76%
22-Jan-21,33000.5,30838.7,33821.2,28871.2,243.09K,7.00%
21-Jan-21,30842.1,35472.3,35591.1,30101.8,253.27K,-13.06%
20-Jan-21,35476.3,35862.1,36384.4,33444.5,153.61K,-1.46%
19-Jan-21,36002.9,36630.6,37821,36001.4,79.11K,-1.67%
18-Jan-21,36613.2,35838.2,37436.8,34801,111.52K,2.16%
17-Jan-21,35839.6,36020.1,36801.3,33883.5,126.82K,-0.50%
16-Jan-21,36019.5,36751.8,37931.7,35408.4,137.02K,-2.24%
15-Jan-21,36845.8,39175.7,39715,34488.7,118.42K,-5.95%
14-Jan-21,39175.7,37383.4,40054.3,36772.1,172.40K,4.80%
13-Jan-21,37382.2,34061.2,37764.6,32451.9,209.93K,9.70%
12-Jan-21,34076.1,35426,36598.7,32572.7,241.93K,-4.13%
11-Jan-21,35544.3,38195.3,38217.2,30411.6,251.04K,-6.93%
10-Jan-21,38192.2,40149.7,41362.4,35141.6,215.78K,-4.88%
9-Jan-21,40151.9,40607.2,41363.5,38775.1,128.42K,-1.10%
8-Jan-21,40599.3,39466.4,41921.7,36613.4,251.29K,2.89%
7-Jan-21,39460.2,36798.5,40340.9,36361.2,249.60K,7.25%
6-Jan-21,36793.2,33999.3,36934.8,33408.3,227.56K,8.24%
5-Jan-21,33991.5,32015.4,34414.7,30010.5,202.13K,6.15%
4-Jan-21,32022.6,33016.6,33587.5,28204.5,255.27K,-2.84%
3-Jan-21,32958.9,32192.9,34755.9,32029.6,155.21K,2.38%
2-Jan-21,32193.3,29359.7,33233.5,29008,240.87K,9.65%
1-Jan-21,29359.9,28951.7,29627.1,28712.4,100.90K,1.42%
31-Dec-20,28949.4,28866.8,29298.8,28025,136.69K,0.28%
30-Dec-20,28868.7,27374.5,28979.3,27374.5,159.82K,5.45%
29-Dec-20,27376,27065.3,27390.7,25902.8,119.57K,1.18%
28-Dec-20,27057.8,26259.2,27444.9,26144.3,126.98K,3.03%
27-Dec-20,26261.3,26460.3,28360.3,25858.2,231.23K,-0.73%
26-Dec-20,26454.4,24714.7,26826,24515.1,155.77K,7.15%
25-Dec-20,24689.6,23728.7,24778.9,23445.3,2.40K,4.02%
24-Dec-20,23736.5,23253.2,23783.7,22737.3,104.59K,2.06%
23-Dec-20,23257.9,23820.8,24063.7,22694.7,178.47K,-2.37%
22-Dec-20,23823.2,22730.4,23825.4,22388.6,130.75K,4.82%
21-Dec-20,22728.5,23474.1,24101.9,22015.5,154.69K,-3.18%
20-Dec-20,23474.9,23843.6,24280.9,23098.9,114.09K,-1.55%
19-Dec-20,23844,23127.6,24107.1,22797,133.88K,3.10%
18-Dec-20,23127.9,22823.3,23272.8,22361.5,131.80K,1.33%
17-Dec-20,22825.4,21352.3,23738,21243.1,310.74K,6.90%
16-Dec-20,21352.2,19434.7,21525.3,19299.7,199.81K,9.87%
15-Dec-20,19434.9,19273.9,19556.3,19076.2,98.39K,0.84%
14-Dec-20,19273.8,19176.4,19346.5,19007,67.11K,0.51%
13-Dec-20,19176.8,18808.1,19403.6,18716.8,82.45K,1.96%
12-Dec-20,18808.9,18026.7,18936.2,18025.1,71.37K,4.36%
11-Dec-20,18023.6,18250.5,18288.3,17600.1,111.53K,-1.23%
10-Dec-20,18247.2,18546.1,18551.8,17926.8,85.31K,-1.61%
9-Dec-20,18546,18322.4,18637.9,17658.8,129.72K,1.20%
8-Dec-20,18326.6,19170.8,19288.6,18229.2,101.41K,-4.40%
7-Dec-20,19170.7,19368.4,19424.6,18908.8,61.98K,-1.08%
6-Dec-20,19379.9,19146,19417.1,18873,54.56K,1.22%
5-Dec-20,19146.5,18657.5,19172.7,18507.1,59.44K,2.62%
4-Dec-20,18658.1,19431.1,19529.5,18610.8,110.63K,-3.99%
3-Dec-20,19433.3,19219.8,19596.6,18883.7,99.97K,1.12%
2-Dec-20,19218.8,18767.9,19335.5,18346.7,91.92K,2.39%
1-Dec-20,18770.7,19697.8,19897.4,18257,208.72K,-4.71%
30-Nov-20,19698.1,18186,19831.2,18186,185.59K,8.32%
29-Nov-20,18185.5,17729.7,18336.3,17530.4,79.12K,2.57%
28-Nov-20,17730.7,17142.6,17874.4,16874.4,95.20K,3.52%
27-Nov-20,17127.1,17160.9,17450.3,16481.6,138.80K,-0.20%
26-Nov-20,17162,18721.9,18894.9,16235.2,312.07K,-8.34%
25-Nov-20,18723,19151.5,19486.7,18527.7,146.12K,-2.24%
24-Nov-20,19152.6,18394.6,19416.6,18074.8,180.79K,4.21%
23-Nov-20,18379.6,18428.1,18756.8,18016,127.35K,-0.18%
22-Nov-20,18412.9,18689.3,18751.5,17644.6,121.76K,-1.47%
21-Nov-20,18687.2,18673.8,18966,18397.5,108.91K,0.06%
20-Nov-20,18675.2,17805.5,18811,17758.4,134.42K,4.90%
19-Nov-20,17803.5,17775.1,18166,17380.1,135.94K,0.16%
18-Nov-20,17774.6,17662.3,18466.1,17258.9,233.43K,0.64%
17-Nov-20,17662.3,16715.8,17845.4,16562,175.87K,5.66%
16-Nov-20,16715.8,15954.1,16880.7,15870.7,118.09K,4.78%
15-Nov-20,15953,16074.7,16158.1,15782.3,58.43K,-0.73%
14-Nov-20,16071,16323.1,16328.2,15717.7,83.64K,-1.55%
13-Nov-20,16324.2,16293,16474.1,15973.4,113.75K,0.18%
12-Nov-20,16294.7,15695.8,16342.7,15483.5,165.54K,3.82%
11-Nov-20,15695.8,15303.1,15953.9,15281,119.07K,2.56%
10-Nov-20,15303.6,15328,15465.3,15096.5,93.36K,-0.15%
9-Nov-20,15327.2,15483.3,15819.6,14816.9,165.04K,-1.01%
8-Nov-20,15483.7,14826.6,15648.3,14720.7,94.99K,4.42%
7-Nov-20,14828.4,15578.2,15754.4,14385.1,160.73K,-4.81%
6-Nov-20,15577.9,15593.9,15955.2,15223.5,186.13K,-0.06%
5-Nov-20,15587.1,14145.6,15739.9,14099.7,227.49K,10.19%
4-Nov-20,14145.6,14023,14238.8,13544.4,140.80K,0.90%
3-Nov-20,14019.9,13560.5,14054,13294.6,108.17K,3.38%
2-Nov-20,13561.4,13759.7,13828.4,13214.2,97.76K,-1.44%
1-Nov-20,13759.4,13795.5,13889.5,13628.7,51.71K,-0.27%
31-Oct-20,13797.3,13560.2,14065.4,13441.7,102.75K,1.75%
30-Oct-20,13559.9,13457,13667.9,13134.5,108.77K,0.76%
29-Oct-20,13457.2,13278.3,13640,12982.9,111.23K,1.34%
28-Oct-20,13278.9,13658.3,13851.7,12907.6,144.18K,-2.77%
27-Oct-20,13657.8,13061.5,13782.3,13050.3,128.64K,4.56%
26-Oct-20,13061.6,13033,13229.7,12792.4,89.47K,0.23%
25-Oct-20,13032.2,13117,13345.3,12900.4,59.73K,-0.65%
24-Oct-20,13117.2,12933.6,13161.5,12876.4,51.20K,1.42%
23-Oct-20,12934.1,12972.7,13025.5,12738.9,73.94K,-0.31%
22-Oct-20,12974.6,12805.5,13183.9,12698.2,113.31K,1.30%
21-Oct-20,12808.7,11913.6,13213.5,11894.6,197.72K,7.51%
20-Oct-20,11913.5,11753.9,12029.4,11685.7,94.59K,1.36%
19-Oct-20,11753.4,11507.1,11823.3,11413.9,73.04K,2.14%
18-Oct-20,11506.9,11362.1,11506.9,11349.8,31.51K,1.27%
17-Oct-20,11362.1,11321.8,11402.7,11274.4,29.86K,0.35%
16-Oct-20,11322,11503.2,11542.2,11224.6,71.42K,-1.57%
15-Oct-20,11503,11421.4,11590.9,11276.7,70.84K,0.72%
14-Oct-20,11420.4,11424.4,11541,11293.5,59.12K,-0.03%
13-Oct-20,11423.8,11533.5,11558,11315.9,64.67K,-0.95%
12-Oct-20,11533.9,11370.8,11715.9,11227.4,84.02K,1.43%
11-Oct-20,11371,11295.6,11439.4,11277.6,41.06K,0.64%
10-Oct-20,11298.4,11053.5,11475,11053.1,65.81K,2.21%
9-Oct-20,11054.2,10923.5,11103,10836.9,70.95K,1.19%
8-Oct-20,10924.1,10670.7,10948.6,10549.6,79.78K,2.37%
7-Oct-20,10670.9,10601,10680.1,10553.3,49.27K,0.64%
6-Oct-20,10602.6,10790.2,10800.3,10530.8,69.07K,-1.73%
5-Oct-20,10789.5,10672.5,10789.6,10623.4,48.86K,1.09%
4-Oct-20,10672.9,10544.4,10693.3,10520.8,31.40K,1.22%
3-Oct-20,10544.2,10572.2,10597.8,10501.2,29.10K,-0.27%
2-Oct-20,10572.3,10619.6,10662.9,10387.6,77.94K,-0.45%
1-Oct-20,10620.5,10776.6,10913.7,10462.7,95.33K,-1.44%
30-Sep-20,10776.1,10843.4,10847.7,10667.6,55.55K,-0.60%
29-Sep-20,10840.9,10694.3,10858.4,10642.4,59.64K,1.38%
28-Sep-20,10693.2,10776.4,10946.6,10685.2,72.29K,-0.77%
27-Sep-20,10776.2,10727.9,10799.2,10602.7,40.92K,0.45%
26-Sep-20,10727.9,10688.9,10793.3,10650.2,37.85K,0.37%
25-Sep-20,10688.8,10739.9,10756,10558.9,71.43K,-0.47%
24-Sep-20,10739.4,10238.1,10787.8,10201,82.95K,4.90%
23-Sep-20,10237.3,10531.5,10535.4,10146.6,74.95K,-2.79%
22-Sep-20,10531.5,10419.4,10570.7,10361.7,63.52K,1.10%
21-Sep-20,10416.8,10919.9,10987.2,10328.5,109.85K,-4.62%
20-Sep-20,10921.5,11081.6,11081.6,10772.7,53.39K,-1.45%
19-Sep-20,11081.8,10933,11177.1,10890.7,51.63K,1.36%
18-Sep-20,10933,10941.3,11029.7,10818.7,63.48K,-0.08%
17-Sep-20,10941.3,10950.1,11039.3,10755.2,77.22K,-0.07%
16-Sep-20,10949.5,10785.2,11093.3,10669.2,94.94K,1.52%
15-Sep-20,10785.3,10675.2,10931.8,10627.8,91.70K,1.03%
14-Sep-20,10675.3,10332.7,10744.3,10264.5,96.64K,3.38%
13-Sep-20,10326,10441.7,10579.6,10219.4,66.12K,-1.11%
12-Sep-20,10441.9,10390.2,10476.8,10275.9,48.49K,0.50%
11-Sep-20,10390.2,10339.8,10398.8,10212.6,62.28K,0.49%
10-Sep-20,10339.7,10224.3,10480.3,10219.2,88.01K,1.13%
9-Sep-20,10224.6,10126.8,10343.3,9984.6,71.37K,0.97%
8-Sep-20,10126.6,10376.9,10434.4,9877.1,113.90K,-2.41%
7-Sep-20,10376.9,10296.4,10400.9,9887,12.40M,0.78%
6-Sep-20,10296.4,10092.2,10337.7,10004.7,12.12M,2.02%
5-Sep-20,10092.2,10472.3,10558.7,9897.8,14.72M,-3.63%
4-Sep-20,10472.5,10168.7,10614.2,9960.3,12.50M,2.99%
3-Sep-20,10168.8,11413.2,11442.7,10009.5,9.65M,-10.90%
2-Sep-20,11413.3,11914.4,11947.5,11244.9,20.26M,-4.21%
1-Sep-20,11914.9,11644.2,12045.9,11544.6,580.69K,2.32%
31-Aug-20,11644.2,11701.1,11760.2,11563.8,496.14K,-0.49%
30-Aug-20,11702,11468.1,11704.2,11462.6,409.36K,2.04%
29-Aug-20,11468.1,11527.8,11576.8,11433.5,389.85K,-0.51%
28-Aug-20,11527.4,11327.5,11539,11281.9,464.94K,1.77%
27-Aug-20,11327.4,11462.3,11580.3,11135.3,560.59K,-1.18%
26-Aug-20,11462.3,11324.9,11533.6,11254.6,513.06K,1.21%
25-Aug-20,11324.8,11752.9,11766.9,11131,594.07K,-3.65%
24-Aug-20,11753.5,11641.6,11824.6,11587.1,429.13K,0.96%
23-Aug-20,11641.6,11661.1,11705.4,11520.8,377.33K,-0.17%
22-Aug-20,11661.3,11529.2,11677,11382.1,433.98K,1.15%
21-Aug-20,11529.2,11856.9,11877.4,11495.6,506.38K,-2.76%
20-Aug-20,11856.9,11751,11881,11672.7,430.93K,0.91%
19-Aug-20,11750.2,11944.4,12013.2,11602.6,550.26K,-1.65%
18-Aug-20,11947.6,12283,12381.4,11842,606.79K,-2.73%
17-Aug-20,12282.6,11898.8,12444.1,11764,628.41K,3.22%
16-Aug-20,11899,11845.5,11922.5,11688.9,410.81K,0.45%
15-Aug-20,11845.3,11751.1,11964,11711.5,499.10K,0.80%
14-Aug-20,11750.8,11771.1,11835.5,11651.5,435.44K,-0.17%
13-Aug-20,11770.9,11557.2,11772.9,11298.4,545.67K,1.85%
12-Aug-20,11557.2,11390.4,11605.4,11190.6,549.59K,1.46%
11-Aug-20,11390.4,11889.2,11931.8,11146.7,615.90K,-4.19%
10-Aug-20,11889.2,11681.1,12041.1,11546.9,564.11K,1.78%
9-Aug-20,11681.2,11764.4,11792.8,11527.5,303.00K,-0.71%
8-Aug-20,11764.3,11591.6,11805.5,11533.5,317.06K,1.49%
7-Aug-20,11592,11757.1,11901.8,11352.4,517.00K,-1.40%
6-Aug-20,11757.1,11735,11898.4,11563,554.85K,0.19%
5-Aug-20,11735.1,11184.8,11771.5,11114.5,570.83K,4.92%
4-Aug-20,11184.7,11223.8,11407.8,11043,485.79K,-0.35%
3-Aug-20,11224.4,11066.9,11461.1,10981.6,470.24K,1.42%
2-Aug-20,11066.8,11802.6,12061.1,10730.7,647.95K,-6.24%
1-Aug-20,11803.1,11333.2,11847.7,11226.1,611.47K,4.14%
31-Jul-20,11333.4,11096.5,11434.8,10964.6,530.95K,2.14%
30-Jul-20,11096.2,11105.8,11164.4,10861.6,501.14K,-0.09%
29-Jul-20,11105.9,10908.4,11336.5,10771.8,576.83K,1.81%
28-Jul-20,10908.5,10961.1,11046.1,10873.6,658.37K,-1.04%
27-Jul-20,11022.8,9932.7,11367,9894.6,908.99K,10.98%
26-Jul-20,9932.5,9690,10086.6,9645.9,415.07K,2.35%
25-Jul-20,9704.1,9546.7,9729.3,9536.2,306.29K,1.65%
24-Jul-20,9546.4,9599.2,9626.2,9480.5,359.16K,-0.55%
23-Jul-20,9599.6,9513.6,9646.5,9451.1,425.66K,0.90%
22-Jul-20,9513.7,9387.4,9523.1,9296,386.00K,1.35%
21-Jul-20,9387.3,9162.3,9426.9,9155.1,458.99K,2.46%
20-Jul-20,9162.4,9208.1,9218.4,9139.9,312.98K,-0.50%
19-Jul-20,9208,9170.1,9224.8,9106.4,265.25K,0.41%
18-Jul-20,9170.2,9155.8,9198.8,9126.7,276.40K,0.16%
17-Jul-20,9155.8,9135.4,9181.9,9091.5,310.92K,0.22%
16-Jul-20,9135.3,9198.7,9224.2,9052,429.04K,-0.69%
15-Jul-20,9198.7,9253.6,9270.2,9168.7,429.84K,-0.59%
14-Jul-20,9253.4,9243.1,9274.8,9135.7,453.83K,0.11%
13-Jul-20,9243.6,9300.5,9329.6,9207.6,456.87K,-0.62%
12-Jul-20,9300.8,9234.2,9337.8,9170.4,366.88K,0.73%
11-Jul-20,9233.3,9285.8,9295.5,9184.2,353.92K,-0.56%
10-Jul-20,9285.1,9239,9309.8,9131.9,418.47K,0.53%
9-Jul-20,9235.7,9430.1,9434.5,9176,444.27K,-2.06%
8-Jul-20,9429.9,9256.3,9458.3,9233.1,509.94K,1.88%
7-Jul-20,9256,9338.8,9371.2,9209.3,420.55K,-0.89%
6-Jul-20,9339,9080.4,9363,9063.2,510.27K,2.84%
5-Jul-20,9081,9134.3,9149.6,8932.1,314.10K,-0.58%
4-Jul-20,9134.4,9067.1,9182.3,9049.6,261.25K,0.74%
3-Jul-20,9067.1,9085,9120.4,9050.9,333.88K,-0.20%
2-Jul-20,9085.1,9229.9,9259.7,8962.1,483.10K,-1.57%
1-Jul-20,9229.9,9135.9,9289,9101.1,366.78K,1.03%
30-Jun-20,9135.4,9186,9199.8,9075.3,381.73K,-0.54%
29-Jun-20,9185.4,9122.8,9229.1,9033.6,401.12K,0.67%
28-Jun-20,9124,9008.4,9185.5,8950.2,329.01K,1.28%
27-Jun-20,9008.3,9160.5,9190.5,8865.3,441.93K,-1.66%
26-Jun-20,9160,9247.5,9296.5,9060.1,489.84K,-0.95%
25-Jun-20,9247.5,9300.8,9327.3,9022.6,524.45K,-0.59%
24-Jun-20,9302,9624.6,9667.4,9223,515.78K,-3.35%
23-Jun-20,9624.6,9683.9,9715.6,9581.8,375.49K,-0.61%
22-Jun-20,9683.7,9296.5,9751.9,9285.8,523.32K,4.17%
21-Jun-20,9296.4,9358.8,9411.2,9288.5,335.99K,-0.67%
20-Jun-20,9358.8,9314,9394.5,9199.8,383.44K,0.48%
19-Jun-20,9314,9390.3,9424,9249.6,478.49K,-0.79%
18-Jun-20,9388.1,9464.6,9480.4,9289.3,391.67K,-0.81%
17-Jun-20,9464.6,9523.6,9543.6,9258.2,446.45K,-0.62%
16-Jun-20,9523.5,9425.6,9577.1,9379.3,545.47K,1.04%
15-Jun-20,9425.4,9345.5,9489.7,8925.6,750.90K,0.86%
14-Jun-20,9345.3,9470.7,9474.7,9264.4,311.27K,-1.33%
13-Jun-20,9471.3,9466.5,9484.9,9369.9,364.97K,0.05%
12-Jun-20,9466.6,9283.7,9547.5,9249.4,529.28K,1.97%
11-Jun-20,9283.2,9878.9,9945.2,9139.1,919.30K,-6.03%
10-Jun-20,9878.8,9768.8,9970.9,9710.7,533.55K,1.13%
9-Jun-20,9768.8,9777.7,9857.2,9616.6,479.55K,-0.09%
8-Jun-20,9777.9,9743.4,9788.2,9662.3,431.04K,0.36%
7-Jun-20,9742.6,9669.6,9791.8,9417.4,549.20K,0.76%
6-Jun-20,9669.6,9630.8,9733.1,9549.5,370.85K,0.40%
5-Jun-20,9631.2,9794,9846.1,9628.7,527.05K,-1.67%
4-Jun-20,9794.4,9667.2,9864.4,9490.9,593.66K,1.32%
3-Jun-20,9667.2,9527,9667.2,9421.7,558.12K,1.47%
2-Jun-20,9527.6,10190.7,10207.3,9347.3,1.06M,-6.49%
1-Jun-20,10189.3,9454.5,10301.8,9429.7,796.68K,7.77%
31-May-20,9454.8,9692.9,9695.6,9406.2,645.27K,-2.45%
30-May-20,9692.5,9424.8,9729.9,9352.7,720.62K,2.84%
29-May-20,9424.8,9573.4,9596.5,9358.1,814.33K,-1.54%
28-May-20,9572.2,9199.8,9610.8,9119.2,948.86K,4.06%
27-May-20,9199.1,8842.3,9210.9,8818.6,810.89K,4.03%
26-May-20,8842.5,8897.7,8994.6,8713.9,784.92K,-0.63%
25-May-20,8898.2,8728,8959.5,8666.1,941.89K,1.95%
24-May-20,8728.2,9177.9,9292,8724.1,1.11M,-4.89%
23-May-20,9177,9169.8,9303.2,9098.9,812.56K,0.08%
22-May-20,9169.7,9058.2,9253.5,8952.1,914.59K,1.22%
21-May-20,9059,9511.6,9567.1,8833.6,1.41M,-4.76%
20-May-20,9512.3,9773,9829.3,9368.4,1.15M,-2.67%
19-May-20,9773.3,9730.8,9883.9,9498.7,1.16M,0.44%
18-May-20,9730.7,9678.4,9930.2,9524.4,1.18M,0.55%
17-May-20,9677.7,9376.6,9866,9327.8,1.18M,3.18%
16-May-20,9379.5,9318.1,9579,9233,1.10M,0.66%
15-May-20,9318,9778.6,9819.6,9223.2,1.56M,-4.71%
14-May-20,9778.4,9298.7,9887.5,9265.8,1.77M,5.16%
13-May-20,9298.7,8813.9,9384.6,8799.1,1.50M,5.50%
12-May-20,8813.8,8569.8,8964.5,8542.8,1.35M,2.73%
11-May-20,8579.8,8737.6,9129.6,8235.6,2.29M,-1.82%
10-May-20,8738.8,9553.9,9569.4,8259.3,2.47M,-8.54%
9-May-20,9554.6,9806,9910.5,9533.6,1.49M,-2.57%
8-May-20,9806.2,9980.1,10018.2,9731.4,1.42M,-1.74%
7-May-20,9979.8,9152.7,10033,9064.8,1.91M,9.05%
6-May-20,9151.4,9000.6,9373.7,8923.6,1.62M,1.67%
5-May-20,9001,8874.2,9078.7,8800.4,1.05M,1.42%
4-May-20,8874.7,8885.5,8945.5,8553.2,1.12M,-0.12%
3-May-20,8885.5,8966.2,9169.9,8742.2,1.15M,-0.90%
2-May-20,8966.3,8821.6,8986.2,8771.3,890.34K,1.64%
1-May-20,8821.6,8628.6,9040.3,8621,1.11M,2.23%
30-Apr-20,8629,8770.6,9437.5,8425.5,2.04M,-1.62%
29-Apr-20,8770.9,7746.7,8918.5,7729.7,1.83M,13.22%
28-Apr-20,7746.9,7766,7770.1,7655.3,808.09K,-0.25%
27-Apr-20,7766,7679.4,7768.5,7637.7,980.50K,1.13%
26-Apr-20,7678.9,7540.4,7679.4,7520.5,921.59K,1.84%
25-Apr-20,7540.4,7503.9,7684.6,7451,861.93K,0.49%
24-Apr-20,7503.8,7491.3,7583.5,7423.5,951.95K,0.20%
23-Apr-20,7488.5,7112.8,7655.4,7036.5,1.34M,5.28%
22-Apr-20,7112.9,6842.5,7137.4,6821.8,914.18K,3.95%
21-Apr-20,6842.5,6833.4,6919.3,6774.3,892.57K,0.13%
20-Apr-20,6833.5,7122.9,7207.5,6771.2,1.26M,-4.06%
19-Apr-20,7122.9,7230.9,7238,7079.1,5.93M,-1.49%
18-Apr-20,7230.8,7035.9,7259.4,7031.5,796.45K,2.77%
17-Apr-20,7035.8,7085.5,7142.8,7005.8,810.10K,-0.70%
16-Apr-20,7085.6,6629.1,7159.7,6520.5,1.54M,6.89%
15-Apr-20,6629.1,6851.3,6929.5,6615.9,1.00M,-3.24%
14-Apr-20,6850.9,6841.8,6970.8,6768.6,999.53K,0.14%
13-Apr-20,6841.3,6918.1,6920.3,6618.5,1.25M,-1.10%
12-Apr-20,6917.6,6867.9,7158.8,6785.1,1.10M,0.73%
11-Apr-20,6867.8,6862.7,6931.4,6765.1,845.58K,0.07%
10-Apr-20,6863.1,7289,7294.4,6756.1,1.37M,-5.84%
9-Apr-20,7289,7361.1,7361.1,7140.3,963.55K,-0.98%
8-Apr-20,7361.2,7185.6,7396.1,7153.1,983.94K,2.45%
7-Apr-20,7185.2,7332.3,7440.3,7101.7,1.32M,-2.01%
6-Apr-20,7332.3,6772.8,7335,6770.1,1.53M,8.26%
5-Apr-20,6772.7,6857.5,6889.4,6686,842.33K,-1.23%
4-Apr-20,6857.4,6735.9,6958.6,6679.1,1.05M,1.80%
3-Apr-20,6735.9,6799.9,7026.3,6623.6,1.35M,-0.95%
2-Apr-20,6800.5,6638.8,7182.7,6567.9,1.74M,2.44%
1-Apr-20,6638.5,6412.4,6661.3,6157.4,1.40M,3.52%
31-Mar-20,6412.5,6391.1,6513.1,6346.3,1.05M,0.34%
30-Mar-20,6391,5890.4,6576.5,5872.5,1.43M,8.50%
29-Mar-20,5890.4,6233.2,6258.8,5889.3,916.17K,-5.51%
28-Mar-20,6233.7,6373.4,6374.3,6046.5,1.26M,-2.19%
27-Mar-20,6373.4,6725.5,6813.7,6322.3,1.16M,-5.23%
26-Mar-20,6725.1,6677.9,6772.9,6541.7,1.18M,0.69%
25-Mar-20,6678.9,6744.8,6930.2,6474.6,1.52M,-0.97%
24-Mar-20,6744.6,6468.8,6814.2,6380.8,1.73M,4.26%
23-Mar-20,6468.9,5822,6564.7,5710.8,1.88M,11.11%
22-Mar-20,5822.1,6186.9,6394.4,5771.2,1.48M,-5.89%
21-Mar-20,6186.2,6205.6,6438.3,5887,1.64M,-0.31%
20-Mar-20,6205.3,6171.6,6858.1,5748.2,2.22M,0.54%
19-Mar-20,6172,5359.2,6379.5,5256,2.18M,15.12%
18-Mar-20,5361.4,5260.7,5373.1,5020.9,1.80M,1.91%
17-Mar-20,5261.1,5030.2,5432.8,4946.5,1.89M,4.59%
16-Mar-20,5030,5366.4,5369.3,4477.7,2.55M,-6.27%
15-Mar-20,5366.3,5182.9,5863.3,5120.6,1.61M,3.54%
14-Mar-20,5182.7,5589.4,5634.9,5072.2,1.69M,-7.19%
13-Mar-20,5584.3,4815.2,5934.3,3869.5,4.17M,15.71%
12-Mar-20,4826,7935.2,7963.1,4546.6,3.22M,-39.18%
11-Mar-20,7935.1,7892.1,7976.5,7606,1.10M,0.56%
10-Mar-20,7891.2,7933,8145.5,7740.2,1.20M,-0.53%
9-Mar-20,7933,8035.8,8158.8,7648.7,1.54M,-1.26%
8-Mar-20,8034.1,8887.8,8888,8015.3,1.11M,-9.61%
7-Mar-20,8887.8,9134.2,9180.8,8848.7,750.65K,-2.70%
6-Mar-20,9134.8,9060.6,9165.2,9004.9,1.04M,0.82%
5-Mar-20,9060.3,8757.9,9147.3,8751.5,950.76K,3.45%
4-Mar-20,8757.9,8761.3,8840.3,8679.7,759.69K,-0.04%
3-Mar-20,8761.4,8906.1,8911.7,8669.3,1.01M,-1.61%
2-Mar-20,8904.8,8537.5,8961.8,8503.1,1.02M,4.27%
1-Mar-20,8540,8543.8,8737.2,8437.2,784.05K,-0.04%
29-Feb-20,8543.7,8697.1,8793.7,8539.8,683.44K,-1.77%
28-Feb-20,8697.5,8820.1,8898.7,8451.9,1.08M,-1.37%
27-Feb-20,8818.6,8800.1,8968.3,8538.5,1.13M,0.21%
26-Feb-20,8800.3,9317.1,9368.1,8672,1.32M,-5.55%
25-Feb-20,9317.2,9662.6,9672.3,9269.8,937.97K,-3.57%
24-Feb-20,9662.7,9943.2,9981,9507,980.00K,-2.82%
23-Feb-20,9942.7,9655.6,9965.6,9653.4,775.88K,2.97%
22-Feb-20,9655.7,9684.5,9706.5,9569.8,589.88K,-0.30%
21-Feb-20,9684.5,9602.2,9747.1,9574.5,716.61K,0.85%
20-Feb-20,9602.4,9611.9,9681.4,9448.9,870.80K,-0.07%
19-Feb-20,9609.4,10158.6,10230.9,9424.3,905.95K,-5.40%
18-Feb-20,10158.4,9701.5,10230.1,9601.6,945.91K,4.71%
17-Feb-20,9701.4,9931.7,9951.5,9468.9,961.88K,-2.32%
16-Feb-20,9932.3,9907.4,10056.4,9654.9,808.91K,0.25%
15-Feb-20,9907.7,10336,10369.8,9831.7,808.81K,-4.12%
14-Feb-20,10333,10235.5,10372.4,10125.2,732.51K,0.96%
13-Feb-20,10235.1,10321.9,10482.6,10116.9,940.30K,-0.80%
12-Feb-20,10317.7,10229.3,10435.6,10229.3,803.25K,0.86%
11-Feb-20,10229.5,9854,10314.1,9725.1,791.28K,3.81%
10-Feb-20,9854.1,10151.5,10181.7,9774.8,781.22K,-2.93%
9-Feb-20,10151.5,9895.4,10157.1,9882.7,617.35K,2.59%
8-Feb-20,9895.5,9817.3,9931.2,9673.2,551.31K,0.78%
7-Feb-20,9818.6,9771.9,9872.5,9738.7,608.96K,0.48%
6-Feb-20,9772,9611.8,9854.9,9536.1,778.67K,1.67%
5-Feb-20,9611.8,9194.1,9726.8,9179.9,771.46K,4.54%
4-Feb-20,9193.9,9296.5,9347.5,9193.9,651.68K,-1.10%
3-Feb-20,9296.6,9334.6,9582.8,9243.1,701.39K,-0.41%
2-Feb-20,9334.9,9381.5,9465.4,9183.1,683.37K,-0.50%
1-Feb-20,9381.6,9349.3,9458.8,9301.5,458.42K,0.35%
31-Jan-20,9349.1,9508.3,9525,9222.3,633.37K,-1.66%
30-Jan-20,9507.3,9299.1,9569,9209.2,765.21K,2.24%
29-Jan-20,9298.9,9377.3,9428.7,9250.9,749.88K,-0.84%
28-Jan-20,9377.3,8866.6,9389.5,8866.6,954.20K,5.76%
27-Jan-20,8866.6,8608.1,8983.1,8585.6,706.45K,3.01%
26-Jan-20,8607.8,8341.6,8607.8,8304.9,468.34K,3.19%
25-Jan-20,8341.6,8439.9,8447.6,8277.2,444.00K,-1.17%
24-Jan-20,8439.9,8404.9,8522,8242.6,617.02K,0.41%
23-Jan-20,8405.1,8678.5,8687.3,8309.6,722.67K,-3.15%
22-Jan-20,8678.5,8733,8805.4,8610.8,509.06K,-0.62%
21-Jan-20,8732.6,8642,8770.3,8524,540.20K,1.05%
20-Jan-20,8641.9,8705.7,8740.1,8539.2,599.06K,-0.74%
19-Jan-20,8706.2,8916.3,9183.7,8552.8,975.01K,-2.36%
18-Jan-20,8916.3,8913,8982.3,8814.6,627.74K,0.04%
17-Jan-20,8913.1,8726.7,9005.1,8675.9,794.11K,2.13%
16-Jan-20,8726.9,8818.1,8850,8605.8,748.32K,-1.04%
15-Jan-20,8818.3,8827.9,8904,8615.5,1.17M,-0.12%
14-Jan-20,8829.2,8111.2,8898.7,8111.2,1.48M,8.85%
13-Jan-20,8111.4,8188.3,8196.7,8068.4,610.66K,-0.93%
12-Jan-20,8187.6,8023.3,8189.9,7973.1,595.22K,2.04%
11-Jan-20,8024.1,8187.8,8262.9,8008.4,776.75K,-1.99%
10-Jan-20,8187.1,7842.5,8187.4,7697.7,1.05M,4.40%
9-Jan-20,7842.4,8060,8065.9,7779.2,786.50K,-2.70%
8-Jan-20,8059.6,8154.2,8436.4,7900.8,1.19M,-1.18%
7-Jan-20,8155.7,7759.1,8182,7754.1,1.01M,5.11%
6-Jan-20,7759.1,7372.6,7783.1,7366.7,786.75K,5.24%
5-Jan-20,7372.5,7376.8,7501,7345.6,628.14K,-0.06%
4-Jan-20,7376.8,7345.1,7433.1,7291.4,523.91K,0.46%
3-Jan-20,7343.1,6967.1,7402.9,6884.1,936.29K,5.40%
2-Jan-20,6967,7199.7,7209.6,6901.4,632.78K,-3.23%
1-Jan-20,7199.8,7196.4,7259.4,7180,420.28K,0.05%
31-Dec-19,7196.4,7261.5,7331,7167.4,586.60K,-0.90%
30-Dec-19,7261.8,7397.5,7420.9,7244.1,606.11K,-1.84%
29-Dec-19,7397.5,7321.6,7518.9,7303,611.69K,1.04%
28-Dec-19,7321.5,7261.9,7375.9,7256.5,610.96K,0.82%
27-Dec-19,7261.7,7210.8,7293.8,7128.5,718.07K,0.70%
26-Dec-19,7210.9,7225,7414.3,7177.3,795.09K,-0.19%
25-Dec-19,7224.8,7268.3,7542.4,7150.9,625.41K,-0.60%
24-Dec-19,7268.3,7322.4,7433.2,7185.7,785.54K,-0.74%
23-Dec-19,7322.8,7496.2,7684,7276.2,952.16K,-2.31%
22-Dec-19,7495.8,7156.3,7501.1,7142,677.94K,4.74%
21-Dec-19,7156.2,7196.4,7197.6,7129.6,468.74K,-0.56%
20-Dec-19,7196.4,7165.5,7218.4,7107.7,627.04K,0.43%
19-Dec-19,7165.5,7276.4,7354,7039.3,778.72K,-1.52%
18-Dec-19,7276,6613.5,7387.7,6462.2,1.14M,10.02%
17-Dec-19,6613.3,6903.5,6943.5,6575,894.55K,-4.20%
16-Dec-19,6903.5,7128.5,7153.1,6864.6,689.56K,-3.16%
15-Dec-19,7128.5,7080.8,7175.8,7033.8,492.58K,0.67%
14-Dec-19,7080.8,7255.2,7267.4,7043.3,524.56K,-2.40%
13-Dec-19,7255.2,7208.4,7288,7200.3,503.49K,0.65%
12-Dec-19,7208,7208,7272.4,7124.6,611.80K,0.00%
11-Dec-19,7208,7235.8,7284.4,7168.8,518.40K,-0.38%
10-Dec-19,7235.7,7356.2,7400.3,7192.1,609.50K,-1.63%
9-Dec-19,7355.8,7524.8,7626,7321.6,648.66K,-2.24%
8-Dec-19,7524.4,7510.8,7576.4,7416.7,499.04K,0.18%
7-Dec-19,7510.9,7530.4,7595.7,7489.6,557.14K,-0.26%
6-Dec-19,7530.8,7399.2,7552.1,7329.8,706.10K,1.78%
5-Dec-19,7399.2,7204.6,7476.3,7184,780.78K,2.70%
4-Dec-19,7204.4,7291.9,7702.2,7113.6,971.75K,-1.20%
3-Dec-19,7291.8,7298.1,7389.4,7227.1,548.77K,-0.09%
2-Dec-19,7298.2,7395.9,7433.8,7173.6,687.78K,-1.33%
1-Dec-19,7396.4,7546.5,7546.5,7244.4,777.00K,-1.99%
30-Nov-19,7546.6,7742.7,7787.7,7472.7,650.60K,-2.53%
29-Nov-19,7742.7,7426.6,7825.3,7412.3,766.71K,4.26%
28-Nov-19,7426.7,7510.6,7639.5,7380.6,737.58K,-1.12%
27-Nov-19,7510.6,7162.8,7636.9,6875.4,996.49K,4.86%
26-Nov-19,7162.8,7115.5,7329.5,7045.1,844.27K,0.66%
25-Nov-19,7115.6,6924.7,7352.8,6534.8,1.29M,2.76%
24-Nov-19,6924.7,7325,7344.1,6894.9,904.50K,-5.45%
23-Nov-19,7324.1,7271.6,7342.5,7093.7,783.18K,0.71%
22-Nov-19,7272.5,7627.9,7700.9,6818.5,1.41M,-4.66%
21-Nov-19,7627.9,8099.4,8129.6,7519.7,891.50K,-5.82%
20-Nov-19,8099.3,8145.7,8223,8074.2,607.27K,-0.57%
19-Nov-19,8145.7,8207.7,8245.6,8032.8,654.27K,-0.76%
18-Nov-19,8208.4,8510.3,8516.3,8110.4,692.60K,-3.54%
17-Nov-19,8509.8,8497.4,8631.7,8413,531.22K,0.15%
16-Nov-19,8497.3,8476.2,8532.8,8450.7,471.16K,0.25%
15-Nov-19,8476.3,8660.8,8761.8,8437.1,653.71K,-2.13%
14-Nov-19,8661.2,8782.9,8799.8,8615.8,515.43K,-1.39%
13-Nov-19,8783.1,8813.2,8829.7,8721.1,454.33K,-0.33%
12-Nov-19,8812.6,8737.4,8841.2,8615.7,575.16K,0.87%
11-Nov-19,8736.9,9036.9,9066.4,8649.4,601.16K,-3.32%
10-Nov-19,9036.8,8804.7,9092.9,8763.5,581.57K,2.64%
9-Nov-19,8804.5,8778.1,8877.5,8746.9,512.02K,0.30%
8-Nov-19,8778.2,9223.6,9254.8,8722.4,791.79K,-4.83%
7-Nov-19,9223.5,9339.2,9367,9130,603.54K,-1.24%
6-Nov-19,9338.9,9311.2,9424.6,9262.7,578.03K,0.30%
5-Nov-19,9310.8,9396.1,9452.7,9193.9,653.42K,-0.91%
4-Nov-19,9396.4,9198.7,9500.4,9134.1,681.01K,2.15%
3-Nov-19,9198.3,9300.5,9359.1,9095,536.56K,-1.10%
2-Nov-19,9300.6,9230.3,9356.7,9201.2,570.74K,0.76%
1-Nov-19,9230.1,9153.1,9270.4,9057.2,689.65K,0.85%
31-Oct-19,9152.6,9157.9,9378.9,8959.6,798.93K,-0.06%
30-Oct-19,9157.9,9411.3,9411.3,9018.4,789.73K,-2.69%
29-Oct-19,9411.3,9206.5,9531.3,9125.3,918.48K,2.22%
28-Oct-19,9207.2,9530.1,9866.9,9202.5,1.04M,-3.38%
27-Oct-19,9529.6,9230.6,9773.2,9081,1.16M,3.24%
26-Oct-19,9230.6,8658.4,10540,8061.8,1.78M,6.61%
25-Oct-19,8658.3,7422.8,8697.7,7404.9,1.18M,16.65%
24-Oct-19,7422.7,7476.8,7501.5,7366.3,586.49K,-0.73%
23-Oct-19,7477,8031,8055,7329.2,892.08K,-6.90%
22-Oct-19,8031.4,8207.4,8289.1,8017.7,570.39K,-2.15%
21-Oct-19,8208.2,8224.1,8315.3,8155.7,489.40K,-0.18%
20-Oct-19,8223.4,7957.4,8288.5,7889.6,513.91K,3.34%
19-Oct-19,7957.3,7948.3,8060.2,7892.4,428.83K,0.11%
18-Oct-19,7948.5,8073.3,8116.4,7842,505.79K,-1.55%
17-Oct-19,8073.3,8000.4,8118.2,7944.4,444.95K,0.91%
16-Oct-19,8000.4,8167.1,8185.9,7929.8,538.92K,-2.04%
15-Oct-19,8167.2,8353.4,8400.2,8139.5,469.73K,-2.23%
14-Oct-19,8353.3,8281.3,8374.3,8222.2,505.02K,0.87%
13-Oct-19,8281.5,8304.3,8450.2,8190.6,419.87K,-0.28%
12-Oct-19,8304.4,8267.6,8394.8,8260.9,424.02K,0.44%
11-Oct-19,8267.8,8562.2,8751.1,8249.7,667.86K,-3.44%
10-Oct-19,8562.3,8566.8,8638.5,8438.7,511.46K,-0.05%
9-Oct-19,8566.7,8180.1,8655.9,8122.7,636.43K,4.69%
8-Oct-19,8182.9,8198.5,8323.1,8118.1,469.04K,-0.19%
7-Oct-19,8198.6,7882.6,8293.5,7797,604.74K,4.02%
6-Oct-19,7881.9,8127.3,8145.5,7834.9,448.80K,-3.02%
5-Oct-19,8127.3,8148,8185.1,8030.6,360.92K,-0.25%
4-Oct-19,8148.1,8227.6,8233.6,8041.4,416.92K,-0.96%
3-Oct-19,8226.9,8363.6,8391.7,8090.1,460.97K,-1.64%
2-Oct-19,8364.1,8302.7,8374,8167.7,405.86K,0.74%
1-Oct-19,8302.7,8285,8486.2,8187.9,533.95K,0.22%
30-Sep-19,8284.3,8048.9,8318.5,7749,600.26K,2.92%
29-Sep-19,8049.1,8208,8226.8,7922.1,418.48K,-1.94%
28-Sep-19,8208.5,8184.5,8297.2,8031.1,457.79K,0.29%
27-Sep-19,8184.9,8063.8,8257.4,7882.1,561.40K,1.50%
26-Sep-19,8063.8,8432.5,8463.1,7773.6,731.03K,-4.37%
25-Sep-19,8432.4,8512.3,8729.8,8245.1,696.11K,-0.96%
24-Sep-19,8513.9,9702.7,9793.8,8069.4,933.16K,-12.25%
23-Sep-19,9702.2,10031.3,10048.8,9656.3,431.10K,-3.28%
22-Sep-19,10031.6,9993,10075,9870.9,337.06K,0.39%
21-Sep-19,9993,10172.8,10177.9,9939.8,326.17K,-1.77%
20-Sep-19,10172.7,10251.5,10279.5,10088.6,362.07K,-0.76%
19-Sep-19,10250.5,10164.6,10297.6,9707.6,542.25K,0.84%
18-Sep-19,10164.7,10195.7,10257.5,10119.3,318.82K,-0.30%
17-Sep-19,10195.7,10254.6,10273.6,10153.5,321.64K,-0.58%
16-Sep-19,10255.5,10311.3,10360.5,10108.5,372.53K,-0.54%
15-Sep-19,10311.5,10337.3,10360.4,10272,255.79K,-0.25%
14-Sep-19,10337.3,10342.2,10421.4,10253.7,326.44K,-0.05%
13-Sep-19,10342.1,10415.2,10441.4,10174.1,365.52K,-0.70%
12-Sep-19,10415.1,10162.4,10447.9,10051,413.22K,2.49%
11-Sep-19,10162.5,10104.9,10257.5,9908.9,413.06K,0.57%
10-Sep-19,10105.4,10308.7,10379.8,9970.7,383.22K,-1.98%
9-Sep-19,10309,10402.1,10478,10095.7,473.76K,-0.90%
8-Sep-19,10402.8,10461.6,10578,10266.3,339.73K,-0.56%
7-Sep-19,10461.1,10306.9,10556.4,10302.3,393.57K,1.47%
6-Sep-19,10309.3,10566.7,10896.2,10227.4,643.02K,-2.44%
5-Sep-19,10566.9,10567.8,10630.7,10469.9,402.09K,-0.01%
4-Sep-19,10568.2,10611.6,10783.6,10388.6,504.45K,-0.42%
3-Sep-19,10612.3,10348.1,10756.8,10283.5,578.79K,2.55%
2-Sep-19,10348.8,9728.8,10431.5,9720.3,542.79K,6.37%
1-Sep-19,9729.3,9594.7,9799.5,9533.6,322.66K,1.41%
31-Aug-19,9594.4,9585.5,9677.5,9457.3,311.49K,0.09%
30-Aug-19,9585.4,9494.1,9675.7,9370.2,413.92K,0.99%
29-Aug-19,9491,9729.1,9729.1,9343,509.13K,-2.45%
28-Aug-19,9729.4,10184.7,10271.3,9629.6,580.29K,-4.47%
27-Aug-19,10184.8,10372.2,10387.6,10060.2,419.81K,-1.80%
26-Aug-19,10371.8,10136,10568.2,10136,568.77K,2.32%
25-Aug-19,10136.3,10132.1,10307,9935.2,422.53K,0.05%
24-Aug-19,10131,10389.4,10415.9,9917.5,463.85K,-2.48%
23-Aug-19,10388.7,10104.9,10434.3,9921.4,436.26K,2.81%
22-Aug-19,10105,10141.1,10218.2,9777,520.75K,-0.36%
21-Aug-19,10141.5,10753.3,10797.8,9908,717.65K,-5.68%
20-Aug-19,10752.6,10911.2,10941.6,10581,515.47K,-1.45%
19-Aug-19,10910.7,10312.8,10923.9,10267.8,519.01K,5.80%
18-Aug-19,10312.7,10219.3,10494.9,10086.7,441.11K,0.93%
17-Aug-19,10218.1,10335.5,10460.7,10016.3,497.77K,-1.14%
16-Aug-19,10335.6,10300.9,10734,9788.6,798.67K,0.31%
15-Aug-19,10303.4,10053.3,10448.2,9580.1,930.05K,2.53%
14-Aug-19,10049.4,10894.2,10894.5,9965.5,745.59K,-7.74%
13-Aug-19,10892.9,11395,11445.6,10793.2,540.78K,-4.40%
12-Aug-19,11394.2,11505.1,11508.6,11267.3,391.08K,-1.07%
11-Aug-19,11517.2,11314.6,11728.4,11146.1,435.83K,1.79%
10-Aug-19,11314.5,12090.5,12185,11281.6,570.74K,-6.41%
9-Aug-19,12089.8,12190,12225.3,11885,558.72K,-0.84%
8-Aug-19,12191.6,12015.9,12236.6,11727,592.15K,1.48%
7-Aug-19,12013.9,11481,12114.5,11406.4,702.85K,4.64%
6-Aug-19,11480.9,11817.6,12291.9,11237,807.58K,-2.84%
5-Aug-19,11816.8,10934.8,11922.3,10934.8,769.63K,8.07%
4-Aug-19,10934.6,10816.1,11017.7,10568.8,585.71K,1.10%
3-Aug-19,10815.7,10519.9,10893.6,10504.5,508.75K,2.81%
2-Aug-19,10520.1,10380.5,10664.8,10330.5,578.29K,1.35%
1-Aug-19,10380,10081.9,10459,9890.6,608.37K,2.96%
31-Jul-19,10082,9580.3,10100,9562.4,589.84K,5.23%
30-Jul-19,9580.7,9580,9703,9483,511.51K,0.00%
29-Jul-19,9580.9,9728.5,9835.4,9502.5,510.90K,-1.51%
28-Jul-19,9727.8,9491.1,9798.5,9401.1,518.59K,2.48%
27-Jul-19,9492.1,9830.4,10232.3,9389.1,661.89K,-3.45%
26-Jul-19,9831,9945.2,10436.1,9724.2,493.75K,-1.15%
25-Jul-19,9945.3,9804.7,10203.5,9776.6,545.85K,1.44%
24-Jul-19,9804.3,9887.2,9945.3,9584,639.54K,-0.85%
23-Jul-19,9888.7,10412.8,10414.7,9865.4,663.38K,-5.03%
22-Jul-19,10412.5,10715.1,10806.3,10196.5,591.27K,-2.82%
21-Jul-19,10714.4,10827,10883.8,10442.5,562.17K,-1.04%
20-Jul-19,10826.7,10571.9,11155.6,10462,668.94K,2.41%
19-Jul-19,10571.5,10651.6,10758.4,10160.7,727.79K,-0.75%
18-Jul-19,10651.4,9723.1,10787.1,9390,974.49K,9.55%
17-Jul-19,9723.2,9425.1,9983.6,9082.6,1.03M,3.17%
16-Jul-19,9424.8,10844,11019.5,9375.3,1.05M,-13.10%
15-Jul-19,10845.9,10199.9,11064.7,9885.4,956.52K,6.33%
14-Jul-19,10200.1,11364.3,11448.7,10128.9,840.76K,-10.25%
13-Jul-19,11364.9,11762.8,11798.4,10839.4,747.71K,-3.38%
12-Jul-19,11762.1,11343.7,11881.4,11109.8,738.17K,3.70%
11-Jul-19,11342.3,12111.6,12111.6,11029,943.13K,-6.34%
10-Jul-19,12110.6,12542.8,13134.4,11594.9,1.11M,-3.44%
9-Jul-19,12541.5,12250.6,12772.9,12111.2,847.84K,2.36%
8-Jul-19,12252.6,11415.8,12332.3,11304.8,695.60K,7.33%
7-Jul-19,11415.9,11267.9,11524.6,11108.1,601.93K,1.31%
6-Jul-19,11268,10969.8,11650.2,10967.9,688.96K,2.71%
5-Jul-19,10970.2,11159.7,11381.8,10810.3,772.67K,-1.73%
4-Jul-19,11163.1,11899.3,11948,11087.1,840.34K,-6.20%
3-Jul-19,11900.8,10835.9,11931.8,10835.9,998.73K,9.83%
2-Jul-19,10835.9,10615.5,10923.5,9728.5,1.12M,2.07%
1-Jul-19,10616.6,10821.4,11254.5,10041.6,1.04M,-1.87%
30-Jun-19,10818.6,11906,12179.3,10765.4,880.77K,-9.14%
29-Jun-19,11906.5,12408,12422.9,11490.8,834.62K,-4.05%
28-Jun-19,12409.1,11288.4,12461.8,10970.5,1.09M,9.93%
27-Jun-19,11287.8,13062.4,13422,10493.5,1.59M,-13.59%
26-Jun-19,13063.8,11811.6,13929.8,11747.3,1.48M,10.62%
25-Jun-19,11809.9,11046.6,11833.9,11033.7,781.09K,6.91%
24-Jun-19,11046.4,10897.3,11114.4,10622.6,566.96K,1.37%
23-Jun-19,10897.1,10721.5,11361.3,10557.8,683.79K,1.64%
22-Jun-19,10721.7,10178.1,11160.5,10031.3,1.09M,5.33%
21-Jun-19,10179.3,9517.7,10184.3,9517.4,769.12K,6.96%
20-Jun-19,9517,9255,9583.9,9188.4,693.62K,2.83%
19-Jun-19,9255.4,9080.7,9295.1,9044,587.57K,1.93%
18-Jun-19,9080.6,9318.9,9336.1,8962.7,723.17K,-2.56%
17-Jun-19,9318.8,8961,9438.1,8959.8,738.80K,3.98%
16-Jun-19,8962.5,8812.2,9332,8771.1,849.77K,1.70%
15-Jun-19,8812.5,8655.8,8856.7,8582.3,608.69K,1.81%
14-Jun-19,8656.1,8218.6,8685.3,8153.2,643.17K,5.32%
13-Jun-19,8219,8132.4,8306.1,8028.6,574.21K,1.06%
12-Jun-19,8133.1,7888,8198.1,7805.8,607.89K,3.11%
11-Jun-19,7888,7987.8,8010.4,7714.5,579.00K,-1.25%
10-Jun-19,7987.8,7635,8012.8,7523.6,641.38K,4.62%
9-Jun-19,7635,7901.6,7937.5,7516.9,554.48K,-3.37%
8-Jun-19,7901.4,7985.3,8044.4,7770.5,485.81K,-1.05%
7-Jun-19,7985.2,7785.8,8099.4,7749.4,588.87K,2.57%
6-Jun-19,7784.9,7779.6,7861.4,7480.4,651.82K,0.08%
5-Jun-19,7779.1,7685.6,7885,7590.4,762.94K,1.22%
4-Jun-19,7685.5,8118.1,8118.1,7494,966.95K,-5.41%
3-Jun-19,8124.8,8728.6,8734.9,8102.7,739.45K,-6.92%
2-Jun-19,8728.6,8545.8,8807.7,8534.8,614.54K,2.14%
1-Jun-19,8545.7,8556.9,8615.8,8454,686.75K,-0.15%
31-May-19,8558.3,8271.4,8578.8,8135,858.41K,3.46%
30-May-19,8271.9,8647.8,9045.9,8054.7,1.04M,-4.35%
29-May-19,8647.8,8715.6,8747.2,8435.3,15.43M,-0.79%
28-May-19,8716.3,8759.4,8794.1,8568.8,763.20K,-0.50%
27-May-19,8760.1,8628.9,8902.8,8607.3,907.96K,1.51%
26-May-19,8630.2,8029.6,8718.6,7866.5,872.12K,7.51%
25-May-19,8027.4,7971.4,8090.1,7919.1,691.27K,0.72%
24-May-19,7970.1,7852.8,8124.1,7775.4,868.47K,1.50%
23-May-19,7852.1,7637.2,7939.1,7486.8,815.14K,2.83%
22-May-19,7635.7,7928.7,7999,7545.9,821.40K,-3.72%
21-May-19,7930.3,7965,8056.8,7813.2,804.88K,-0.44%
20-May-19,7965.3,8156.4,8156.4,7604,958.81K,-2.35%
19-May-19,8157.2,7261.9,8253.4,7252.3,1.08M,12.32%
18-May-19,7262.6,7359.9,7458.5,7189.4,865.53K,-1.32%
17-May-19,7359.5,7871.9,7924,6998.6,1.43M,-6.51%
16-May-19,7871.8,8164.8,8293.3,7720.4,1.18M,-3.59%
15-May-19,8164.6,7994.8,8225.3,7856.5,1.13M,2.13%
14-May-19,7994.6,7806.4,8323.9,7674,1.33M,2.42%
13-May-19,7806,6984.7,8058.3,6893.1,1.20M,11.76%
12-May-19,6984.8,7190,7518.9,6802.6,1.35M,-2.86%
11-May-19,7190.3,6386.6,7373.8,6386.5,1.31M,12.59%
10-May-19,6386,6194.3,6466.6,6157.8,907.94K,3.14%
9-May-19,6191.5,5990.5,6206,5990,799.96K,3.36%
8-May-19,5990.3,5849.4,6011.3,5799.1,757.13K,2.41%
7-May-19,5849.5,5745.5,6019.8,5745.5,955.88K,1.82%
6-May-19,5745.1,5775.1,5801.4,5630.5,755.39K,-0.52%
5-May-19,5774.9,5830.8,5838.2,5708.2,709.02K,-0.96%
4-May-19,5830.9,5768,5899.2,5605,920.61K,1.11%
3-May-19,5766.8,5493.6,5844.2,5478.7,1.04M,4.97%
2-May-19,5493.8,5384.6,5530.8,5370,722.23K,2.04%
1-May-19,5384.2,5321.1,5396.3,5319.5,623.64K,1.19%
30-Apr-19,5320.8,5235.4,5336.6,5195.9,697.42K,1.64%
29-Apr-19,5235,5302.4,5322.9,5188.9,775.82K,-1.27%
28-Apr-19,5302.3,5265.7,5332.5,5234.4,681.41K,0.69%
27-Apr-19,5265.9,5298.2,5318.1,5225.4,833.13K,-0.61%
26-Apr-19,5298.3,5209.2,5469.3,5159.3,1.03M,1.71%
25-Apr-19,5209.1,5415.6,5528.2,5137.4,955.36K,-3.81%
24-Apr-19,5415.6,5511.2,5589.6,5346.8,994.04K,-1.74%
23-Apr-19,5511.6,5346.5,5594.4,5291.4,900.00K,3.08%
22-Apr-19,5346.7,5248.2,5370.2,5170.2,920.77K,1.97%
21-Apr-19,5243.5,5290.2,5308.2,5189.8,811.41K,-0.88%
20-Apr-19,5290.2,5241,5327,5240.2,782.32K,0.94%
19-Apr-19,5241,5264.8,5282.4,5192.1,787.09K,-0.45%
18-Apr-19,5264.7,5208.3,5293.1,5205,727.97K,1.08%
17-Apr-19,5208.3,5182.1,5230.9,5165.5,806.52K,0.53%
16-Apr-19,5180.9,5031.4,5198.4,5014.4,631.05K,2.95%
15-Apr-19,5032.3,5135.1,5168,4964.2,688.20K,-2.00%
14-Apr-19,5134.8,5052,5153.5,5010.7,566.38K,1.64%
13-Apr-19,5051.8,5054.2,5093.4,5011.6,577.16K,-0.05%
12-Apr-19,5054.2,5022.7,5080.5,4889.2,779.14K,0.63%
11-Apr-19,5022.6,5307.7,5337,4948,943.49K,-5.37%
10-Apr-19,5307.8,5158.4,5404.1,5142.9,837.51K,2.89%
9-Apr-19,5158.4,5245,5245.9,5095.2,784.62K,-1.65%
8-Apr-19,5245.2,5173.5,5300.6,5060.5,928.23K,1.38%
7-Apr-19,5173.6,5046.1,5219.5,5033.7,841.27K,2.53%
6-Apr-19,5046.2,5010,5198.4,4947.9,952.18K,0.72%
5-Apr-19,5010.2,4902.5,5029.4,4888.3,851.72K,2.20%
4-Apr-19,4902.4,4968.7,5042.5,4789.2,1.05M,-1.33%
3-Apr-19,4968.7,4859.3,5278.4,4814,13.83M,2.25%
2-Apr-19,4859.3,4145.1,4899.6,4143.5,14.77M,17.23%
1-Apr-19,4145.1,4102.3,4159.1,4076.8,3.22M,1.04%
31-Mar-19,4102.3,4111.8,4121.9,4082.2,2.43M,-0.23%
30-Mar-19,4111.8,4103.7,4138.1,4057.1,2.55M,0.23%
29-Mar-19,4102.2,4025.7,4123.1,4022.6,3.30M,1.90%
28-Mar-19,4025.6,4041.7,4041.7,4008.4,2.11M,-0.40%
27-Mar-19,4041.7,3942.8,4043.3,3936.2,2.78M,2.51%
26-Mar-19,3942.8,3937.1,3950.7,3899.9,2.53M,0.15%
25-Mar-19,3937,3994.8,4000.5,3897.9,2.86M,-1.44%
24-Mar-19,3994.7,4002.6,4005.7,3967,2.04M,-0.20%
23-Mar-19,4002.5,3990.4,4018.2,3980.8,2.00M,0.30%
22-Mar-19,3990.4,3982.2,4005.7,3971.8,2.83M,0.21%
21-Mar-19,3982.2,4041.2,4064,3923.8,3.88M,-1.46%
20-Mar-19,4041.2,4017,4050,3985.3,3.18M,0.60%
19-Mar-19,4017,3990.2,4029.9,3972.4,2.99M,0.67%
18-Mar-19,3990.2,3981.5,4032.3,3958.5,2.62M,0.22%
17-Mar-19,3981.5,4006.4,4009.8,3956.3,1.87M,-0.62%
16-Mar-19,4006.4,3924.4,4050.6,3923.7,3.46M,2.09%
15-Mar-19,3924.3,3879,3935.7,3874.8,3.11M,1.17%
14-Mar-19,3879,3865.1,3914.7,3828.4,2.86M,0.36%
13-Mar-19,3865.1,3885.9,3894.7,3847.4,2.28M,-0.54%
12-Mar-19,3886,3870.3,3900.1,3817.1,2.90M,0.41%
11-Mar-19,3870.3,3915.2,3935.5,3842.4,3.19M,-1.15%
10-Mar-19,3915.2,3944.4,3944.5,3889.2,1.89M,-0.74%
9-Mar-19,3944.3,3865.6,3964,3859.7,2.48M,2.03%
8-Mar-19,3865.9,3875.1,3929,3810.7,2.96M,-0.24%
7-Mar-19,3875.1,3863.1,3907.4,3847.9,2.60M,0.32%
6-Mar-19,3863,3857.2,3887.3,3816.7,2.52M,0.15%
5-Mar-19,3857.2,3715.9,3873.2,3705.7,3.82M,3.80%
4-Mar-19,3715.9,3809.7,3828.4,3681.8,2.85M,-2.45%
3-Mar-19,3809.5,3823.2,3836.6,3789.7,1.51M,-0.36%
2-Mar-19,3823.1,3821.9,3843.2,3783.6,1.61M,0.03%
1-Mar-19,3821.9,3816.7,3855.8,3816.4,1.74M,0.14%
28-Feb-19,3816.6,3814.6,3883.7,3783.3,2.31M,0.05%
27-Feb-19,3814.6,3810.3,3836.4,3701.9,2.82M,0.11%
26-Feb-19,3810.3,3833.5,3845.5,3775,2.09M,-0.61%
25-Feb-19,3833.7,3755.7,3870.7,3753.8,765.87K,2.09%
24-Feb-19,3755.2,4120.5,4194.2,3738.7,977.78K,-8.86%
23-Feb-19,4120.4,3965.2,4152.6,3939.4,727.85K,3.91%
22-Feb-19,3965.2,3937.4,3983.1,3931.7,649.55K,0.73%
21-Feb-19,3936.6,3972,4011.5,3909.2,668.16K,-0.90%
20-Feb-19,3972.4,3914.3,3983.6,3881.2,698.01K,1.48%
19-Feb-19,3914.3,3896.4,3993.8,3863.7,1.44M,0.47%
18-Feb-19,3896,3664.2,3903.7,3655.1,933.15K,6.33%
17-Feb-19,3664.2,3616.8,3689.9,3607.9,580.51K,1.31%
16-Feb-19,3616.8,3604.7,3641.9,3599.7,485.63K,0.34%
15-Feb-19,3604.7,3592.6,3648.3,3581.4,516.21K,0.34%
14-Feb-19,3592.6,3611.5,3624.5,3580.2,498.14K,-0.52%
13-Feb-19,3611.5,3632,3663.5,3599.2,558.02K,-0.56%
12-Feb-19,3632,3631.8,3656.4,3594.4,545.82K,0.01%
11-Feb-19,3631.8,3678.8,3681.1,3623.8,517.28K,-1.28%
10-Feb-19,3679,3661,3680.6,3617.1,501.90K,0.48%
9-Feb-19,3661.4,3661.6,3675.3,3633.2,454.80K,-0.01%
8-Feb-19,3661.7,3397.3,3721.1,3382.5,699.23K,7.77%
7-Feb-19,3397.7,3404.9,3421.8,3390.3,471.36K,-0.20%
6-Feb-19,3404.3,3468.5,3478,3383.9,514.21K,-1.85%
5-Feb-19,3468.4,3463,3485.9,3450.3,460.95K,0.16%
4-Feb-19,3462.8,3459,3479.7,3437.1,503.92K,0.11%
3-Feb-19,3459.1,3502.3,3507.8,3431.3,451.66K,-1.24%
2-Feb-19,3502.5,3467.9,3514.5,3447.8,443.60K,1.00%
1-Feb-19,3467.9,3437.7,3485.7,3415.3,481.58K,0.90%
31-Jan-19,3437.2,3460,3484.7,3427,477.07K,-0.66%
30-Jan-19,3460,3414.6,3479,3394.2,600.25K,1.32%
29-Jan-19,3414.8,3442.8,3450.1,3368.2,585.46K,-0.81%
28-Jan-19,3442.8,3555.8,3561.2,3395.7,620.85K,-3.17%
27-Jan-19,3555.6,3570.9,3583.2,3509.2,464.02K,-0.43%
26-Jan-19,3570.9,3572,3652.5,3556.1,432.55K,-0.03%
25-Jan-19,3572,3574.3,3582.6,3542.2,448.89K,-0.06%
24-Jan-19,3574.3,3561.4,3587,3539.7,428.60K,0.36%
23-Jan-19,3561.5,3580.1,3608.3,3532.8,445.87K,-0.52%
22-Jan-19,3580.1,3536.9,3607.9,3465.2,447.70K,1.23%
21-Jan-19,3536.7,3542.7,3561.4,3505.4,394.17K,-0.16%
20-Jan-19,3542.3,3676.2,3699.1,3503.9,563.31K,-3.68%
19-Jan-19,3677.8,3605.8,3715.2,3604.1,537.06K,2.00%
18-Jan-19,3605.6,3626.3,3627.9,3575.7,488.16K,-0.57%
17-Jan-19,3626.4,3588.1,3636.7,3554.8,525.10K,1.07%
16-Jan-19,3588,3570.6,3644.1,3561.4,487.34K,0.47%
15-Jan-19,3571.3,3637.5,3660.8,3545.7,544.85K,-1.84%
14-Jan-19,3638.1,3490.4,3672,3490.4,539.93K,4.24%
13-Jan-19,3490.2,3597.3,3617.6,3473.2,452.79K,-2.98%
12-Jan-19,3597.2,3616.6,3633.9,3561.3,435.06K,-0.53%
11-Jan-19,3616.5,3603.3,3655.7,3563.1,551.64K,0.35%
10-Jan-19,3603.7,3978.9,4007.7,3562.1,697.31K,-9.41%
9-Jan-19,3978,3971,4014.2,3957.5,473.42K,0.17%
8-Jan-19,3971,3985.8,4070.5,3943.1,514.08K,-0.37%
7-Jan-19,3985.9,4004.3,4028,3945.5,500.88K,-0.45%
6-Jan-19,4004.1,3785.7,4034.1,3758.5,529.89K,5.78%
5-Jan-19,3785.4,3802.8,3846.7,3769,468.45K,-0.46%
4-Jan-19,3802.7,3780.5,3823.9,3720,488.70K,0.60%
3-Jan-19,3780.1,3874.1,3875.8,3753,450.32K,-2.42%
2-Jan-19,3873.8,3809.7,3894.8,3768.1,554.47K,1.69%
1-Jan-19,3809.4,3709.5,3814.3,3664.4,469.11K,2.69%
31-Dec-18,3709.4,3815.1,3819.6,3658.8,545.83K,-2.77%
30-Dec-18,3815,3708.2,3837.7,3682.5,519.17K,2.92%
29-Dec-18,3706.8,3861.6,3899.6,3696,505.41K,-4.01%
28-Dec-18,3861.6,3587.1,3900.3,3565.5,565.24K,7.66%
27-Dec-18,3586.9,3793.4,3822.6,3560.8,543.44K,-5.45%
26-Dec-18,3793.7,3762.8,3841.9,3680.3,567.11K,0.83%
25-Dec-18,3762.5,4025.6,4030.7,3676.5,670.94K,-6.55%
24-Dec-18,4026.1,3944.5,4208.2,3941.9,716.29K,2.07%
23-Dec-18,3944.4,3964.3,4037.1,3904.6,572.21K,-0.50%
22-Dec-18,3964.4,3850.9,3977.2,3803.7,554.59K,2.95%
21-Dec-18,3850.9,4075.2,4153.1,3786.9,748.76K,-5.52%
20-Dec-18,4076,3687.2,4140.3,3665.8,958.58K,10.55%
19-Dec-18,3687.1,3668.1,3924.7,3647.5,792.40K,0.52%
18-Dec-18,3668,3526,3683.1,3456.9,698.53K,4.02%
17-Dec-18,3526.1,3248.3,3597.4,3243.1,534.78K,8.57%
16-Dec-18,3247.9,3228.6,3305,3225.9,335.69K,0.60%
15-Dec-18,3228.7,3247.8,3282.3,3177,332.95K,-0.59%
14-Dec-18,3247.8,3315.4,3336.6,3199.1,445.56K,-2.04%
13-Dec-18,3315.3,3466.2,3474.4,3284.8,435.89K,-4.35%
12-Dec-18,3466.1,3390.2,3510.2,3379.4,391.17K,1.72%
11-Dec-18,3407.7,3460.4,3485.9,3349.9,418.53K,-1.53%
10-Dec-18,3460.5,3566.9,3622.4,3412.7,394.49K,-3.00%
9-Dec-18,3567.5,3430.3,3677.6,3424.2,327.93K,4.00%
8-Dec-18,3430.4,3422.3,3507.7,3302.9,424.40K,0.24%
7-Dec-18,3422.2,3508.9,3626.6,3251.8,639.33K,-2.46%
6-Dec-18,3508.6,3771.4,3887.2,3505.7,467.54K,-6.97%
5-Dec-18,3771.6,3958.1,3974.1,3765.2,341.60K,-4.72%
4-Dec-18,3958.5,3899.9,4082.9,3809.3,326.71K,1.56%
3-Dec-18,3897.8,4160.3,4177,3839.9,355.10K,-6.31%
2-Dec-18,4160.4,4196.2,4316.1,4105.3,298.63K,-0.85%
1-Dec-18,4196.2,4038.7,4299.1,3967.1,316.30K,3.87%
30-Nov-18,4039.7,4296.8,4340.6,3954.5,444.52K,-5.98%
29-Nov-18,4296.5,4265.5,4440.1,4140.6,414.46K,0.73%
28-Nov-18,4265.4,3866.4,4391.8,3866.4,533.04K,10.32%
27-Nov-18,3866.5,3840.3,3920.6,3687.8,457.27K,0.77%
26-Nov-18,3837,4061,4179,3679.8,571.04K,-5.54%
25-Nov-18,4062.2,3920.3,4198.4,3634.2,619.95K,3.62%
24-Nov-18,3920.4,4397.3,4494.6,3821.5,382.72K,-10.86%
23-Nov-18,4398,4360.9,4455.6,4223.7,348.99K,0.96%
22-Nov-18,4356,4646.4,4695.7,4346.7,261.85K,-6.09%
21-Nov-18,4638.7,4523,4743.7,4393,412.74K,2.52%
20-Nov-18,4524.6,4883.6,5013.4,4272.3,714.08K,-7.36%
19-Nov-18,4883.8,5660.4,5662.5,4831.1,478.26K,-13.69%
18-Nov-18,5658.3,5621,5727.9,5615.5,158.68K,0.65%
17-Nov-18,5621.8,5636.2,5645.5,5561.4,156.51K,-0.26%
16-Nov-18,5636.2,5723.5,5747.7,5539.7,224.12K,-1.45%
15-Nov-18,5718.9,5854,5878.5,5384.1,375.86K,-2.11%
14-Nov-18,5842.4,6428.9,6453.3,5619.2,438.21K,-9.13%
13-Nov-18,6429.2,6435,6466.8,6386.7,137.60K,-0.09%
12-Nov-18,6435,6445,6475.9,6409.4,130.16K,-0.17%
11-Nov-18,6446.1,6427.1,6451.7,6359,127.40K,0.30%
10-Nov-18,6427.1,6411.9,6461.7,6411.7,115.87K,0.24%
9-Nov-18,6412,6473.8,6496.1,6390,151.60K,-0.96%
8-Nov-18,6474,6565.3,6577.3,6466.3,159.30K,-1.39%
7-Nov-18,6565.3,6503.1,6594.3,6502,170.76K,0.96%
6-Nov-18,6502.8,6460.4,6509.6,6441.6,154.87K,0.67%
5-Nov-18,6459.7,6478.2,6489.2,6431.7,128.51K,-0.29%
4-Nov-18,6478.2,6386.2,6508.9,6359.7,128.76K,1.44%
3-Nov-18,6386.2,6424.5,6429.5,6346.2,112.84K,-0.60%
2-Nov-18,6424.7,6400.5,6444.3,6390.9,135.87K,0.38%
1-Nov-18,6400.5,6365.9,6421.8,6354.2,124.16K,0.54%
31-Oct-18,6365.9,6327.9,6405.7,6257.8,129.06K,0.64%
30-Oct-18,6325.7,6336.7,6469.9,6316.5,128.21K,-0.15%
29-Oct-18,6335,6486.1,6498.4,6310.5,160.52K,-2.33%
28-Oct-18,6486.1,6494.6,6502.2,6461.2,93.97K,-0.12%
27-Oct-18,6494.2,6510,6534,6473.7,76.72K,-0.24%
26-Oct-18,6510,6507,6570.5,6498.5,97.17K,0.05%
25-Oct-18,6507,6532.5,6544.8,6491.5,97.43K,-0.36%
24-Oct-18,6530.7,6531.2,6593.8,6522.6,98.74K,0.03%
23-Oct-18,6528.7,6558.6,6573.6,6500.5,108.86K,-0.41%
22-Oct-18,6555.8,6583,6612.7,6529.5,101.57K,-0.41%
21-Oct-18,6583,6575.9,6643.1,6568,92.94K,0.16%
20-Oct-18,6572.2,6511.7,6593.7,6495.9,97.77K,0.92%
19-Oct-18,6512,6576.4,6603.2,6506.9,121.44K,-0.94%
18-Oct-18,6574.1,6690.1,6736.3,6530.6,134.15K,-1.68%
17-Oct-18,6686.6,6718.9,6745.9,6637.8,136.71K,-0.28%
16-Oct-18,6705.3,6712.4,6836.7,6645.4,155.85K,0.08%
15-Oct-18,6699.8,6326.8,7358.4,6300.2,443.33K,5.90%
14-Oct-18,6326.8,6321.6,6390.9,6300,99.38K,0.08%
13-Oct-18,6321.7,6291.3,6329.3,6282.8,94.45K,0.48%
12-Oct-18,6291.3,6239.2,6344.8,6206.8,147.40K,0.84%
11-Oct-18,6239.1,6618,6622.5,6206.2,245.28K,-5.72%
10-Oct-18,6618,6650.6,6653.5,6526,101.93K,-0.49%
9-Oct-18,6650.8,6669.6,6678.9,6613.3,80.79K,-0.28%
8-Oct-18,6669.6,6611,6699.5,6589.9,119.68K,0.89%
7-Oct-18,6611,6596.3,6633.9,6523.8,77.06K,0.22%
6-Oct-18,6596.3,6639.1,6661.5,6550.4,9.18M,-0.65%
5-Oct-18,6639.1,6584.2,6682.3,6537.6,9.34M,0.83%
4-Oct-18,6584.2,6509.2,6653,6487.8,9.31M,1.17%
3-Oct-18,6507.8,6549.9,6563.5,6429.6,9.21M,-0.64%
2-Oct-18,6549.9,6608.2,6645.7,6034.9,9.34M,-0.88%
1-Oct-18,6608.2,6635.2,6674.7,6072.7,9.19M,-0.41%
30-Sep-18,6635.2,6603.9,6673.9,6533.5,9.34M,0.47%
29-Sep-18,6603.9,6633.9,6648.4,6464.4,9.42M,-0.48%
28-Sep-18,6636,6685.7,6809.2,6538.6,9.57M,-0.79%
27-Sep-18,6689.2,6463.7,6738.3,6428.8,9.34M,3.42%
26-Sep-18,6468.1,6443,6551.9,6384.1,8.64M,0.36%
25-Sep-18,6445.1,6590.6,6590.6,5977,7.34M,-2.11%
24-Sep-18,6584.1,6713.3,6728.1,6559.1,7.57M,-1.79%
23-Sep-18,6704.1,6729.6,6789.4,6666.4,7.34M,-0.38%
22-Sep-18,6729.6,6766.7,6833.3,6635.5,7.31M,-0.55%
21-Sep-18,6766.7,6490.9,6780.5,6489.8,7.73M,4.28%
20-Sep-18,6489.2,6390.4,6537.5,6346.4,5.18M,1.55%
19-Sep-18,6390.4,6342,6478.7,6144.5,3.54M,0.76%
18-Sep-18,6342,6251.9,6388.8,6228.8,2.82M,1.44%
17-Sep-18,6251.9,6500.2,6533.5,6215.9,3.26M,-3.82%
16-Sep-18,6500.2,6519,6520.8,6406.2,3.34M,-0.29%
15-Sep-18,6519,6482.6,6562.9,6470.3,3.16M,0.54%
14-Sep-18,6483.7,6482.9,6579.4,6412.1,3.20M,0.01%
13-Sep-18,6482.9,6338,6867.3,6337.8,3.53M,2.29%
12-Sep-18,6338,6293.9,6353.5,6204.5,3.04M,0.70%
11-Sep-18,6293.9,6320.7,6391.8,6189.6,3.30M,-0.43%
10-Sep-18,6321,6238.5,6358.5,6237.3,3.11M,1.32%
9-Sep-18,6238.5,6184.3,6432.6,6148.8,2.84M,0.88%
8-Sep-18,6184.3,6390.9,6484.3,6132.3,3.46M,-3.23%
7-Sep-18,6390.9,6514.1,6540.6,6316.2,3.30M,-1.89%
6-Sep-18,6514,6706.8,6732.9,6337.8,4.02M,-2.87%
5-Sep-18,6706.8,7377.5,7407.5,6691.8,4.55M,-9.09%
4-Sep-18,7377.5,7264.2,7409.9,7234.5,3.92M,1.56%
3-Sep-18,7264.2,7289.8,7330.7,7182.8,3.87M,-0.41%
2-Sep-18,7293.9,7189.6,7334.8,7117.3,3.90M,1.45%
1-Sep-18,7189.6,7032.4,7264.3,7020.4,3.52M,2.21%
31-Aug-18,7033.8,6993.7,7080.2,6698,4.21M,0.57%
30-Aug-18,6993.7,7029.2,7050.2,6798,3.74M,-0.50%
29-Aug-18,7029.1,7074.6,7121.4,6926.7,4.11M,-0.64%
28-Aug-18,7074.6,6897.6,7129.7,6861.2,3.79M,2.57%
27-Aug-18,6897.6,6712.7,6902.9,6650.4,3.26M,2.75%
26-Aug-18,6712.7,6734.9,6892.7,6573.1,3.37M,-0.33%
25-Aug-18,6734.8,6680.6,6783.4,6655.3,3.59M,0.81%
24-Aug-18,6680.4,6521.2,6721.2,6472.8,3.70M,2.44%
23-Aug-18,6521.2,6359.9,6550.2,6359.2,2.76M,2.54%
22-Aug-18,6359.6,6482.2,6840.8,6304.8,3.63M,-1.89%
21-Aug-18,6482.2,6268.1,6484.1,6257.4,1.46M,3.41%
20-Aug-18,6268.1,6474.2,6516.4,6255.9,3.10M,-3.29%
19-Aug-18,6481.5,6379.1,6534.8,6316,2.71M,1.61%
18-Aug-18,6379.1,6581.8,6626.4,6295.5,3.15M,-3.08%
17-Aug-18,6581.7,6306.7,6581.7,6291.8,3.20M,4.36%
16-Aug-18,6306.7,6256.9,6470.9,6249.8,3.50M,0.80%
15-Aug-18,6256.9,6190.2,6592.8,6177.9,3.74M,1.08%
14-Aug-18,6190.2,6255.3,6255.3,5898.3,3.66M,-1.04%
13-Aug-18,6255.3,6313,6524.1,6159.6,234.09K,-0.91%
12-Aug-18,6313,6232.1,6453,6169.8,216.33K,1.31%
11-Aug-18,6231.6,6152.8,6469.6,6009.8,247.34K,1.29%
10-Aug-18,6152.3,6539.5,6570.2,6043.4,298.82K,-5.91%
9-Aug-18,6538.8,6283.7,6620.2,6197,237.66K,4.06%
8-Aug-18,6283.6,6725.2,6725.2,6138.8,311.54K,-6.56%
7-Aug-18,6724.9,6943.6,7149.7,6689.9,232.48K,-3.15%
6-Aug-18,6943.6,7027.8,7143.6,6852.5,168.87K,-1.19%
5-Aug-18,7027.1,7014,7087.6,6887.9,177.64K,0.18%
4-Aug-18,7014.3,7418.9,7484.2,6949.7,222.57K,-5.46%
3-Aug-18,7419,7535.6,7535.6,7293.5,226.46K,-1.55%
2-Aug-18,7535.6,7606.4,7701.4,7470.6,216.34K,-0.93%
1-Aug-18,7606.4,7728.5,7753.2,7449.2,237.69K,-1.59%
31-Jul-18,7729.4,8176.4,8176.5,7649.8,266.94K,-5.48%
30-Jul-18,8177.1,8214.7,8262,7874.4,242.21K,-0.47%
29-Jul-18,8215.6,8231.5,8275.4,8113.3,155.24K,-0.22%
28-Jul-18,8234.1,8186.8,8234.1,8077.4,147.14K,0.57%
27-Jul-18,8187.4,7936.9,8273.8,7808.3,243.22K,3.15%
26-Jul-18,7937,8173.9,8304.3,7861,235.45K,-2.90%
25-Jul-18,8173.7,8404.9,8484.6,8062.1,269.23K,-2.78%
24-Jul-18,8407,7723.1,8479.8,7701.9,345.32K,8.86%
23-Jul-18,7723,7412.4,7809.6,7379.2,272.15K,4.19%
22-Jul-18,7412.3,7409,7575.3,7343.7,204.16K,0.05%
21-Jul-18,7408.7,7339.3,7460.8,7223.5,160.77K,0.95%
20-Jul-18,7339.4,7477.6,7683.6,7292,258.85K,-1.85%
19-Jul-18,7477.5,7383.9,7558.4,7288.8,247.25K,1.27%
18-Jul-18,7383.6,7321.6,7581.2,7249.3,333.32K,0.84%
17-Jul-18,7322,6729.8,7453.2,6666,337.75K,8.80%
16-Jul-18,6729.9,6362.8,6749.2,6344.1,312.12K,5.77%
15-Jul-18,6362.9,6254.8,6399.6,6238.5,180.67K,1.73%
14-Jul-18,6254.8,6229.5,6313.5,6192.5,243.71K,0.40%
13-Jul-18,6230.2,6250.8,6333.8,6144.5,233.22K,-0.33%
12-Jul-18,6250.6,6389.1,6389.4,6088.8,289.24K,-2.17%
11-Jul-18,6389.1,6307.2,6409.7,6296.6,243.82K,1.30%
10-Jul-18,6307.2,6668.4,6686.8,6291.5,315.27K,-5.40%
9-Jul-18,6667.1,6715.1,6793.8,6637.7,289.48K,-0.71%
8-Jul-18,6714.8,6765.4,6784,6694.3,267.60K,-0.75%
7-Jul-18,6765.5,6617.7,6805.9,6531.1,114.57K,2.23%
6-Jul-18,6617.7,6546.5,6638.2,6458.3,132.69K,1.09%
5-Jul-18,6546.5,6598,6693.6,6466.1,166.18K,-0.79%
4-Jul-18,6598.4,6513.8,6774.5,6442.3,143.04K,1.30%
3-Jul-18,6513.5,6618.6,6676.6,6513.5,150.19K,-1.60%
2-Jul-18,6619.5,6349.1,6680,6275,179.92K,3.97%
1-Jul-18,6366.8,6398.5,6445.1,6284.7,128.51K,-0.50%
30-Jun-18,6398.9,6213.4,6498.5,6204,189.33K,2.99%
29-Jun-18,6213.3,5883.2,6284.9,5818.5,206.96K,5.61%
28-Jun-18,5883.5,6154.9,6178.4,5854,156.05K,-4.41%
27-Jun-18,6154.9,6081.1,6187.3,6025.4,133.42K,1.20%
26-Jun-18,6082.1,6256.9,6267.7,6060,176.66K,-2.79%
25-Jun-18,6256.6,6155.1,6331.2,6101.7,210.69K,1.66%
24-Jun-18,6154.6,6167.9,6248.3,5785.3,240.60K,-0.21%
23-Jun-18,6167.3,6055.2,6259,6032.8,142.90K,1.84%
22-Jun-18,6055.7,6728.2,6739.7,5955,278.22K,-9.99%
21-Jun-18,6728,6765.8,6797.5,6695.1,99.29K,-0.55%
20-Jun-18,6765.4,6752.3,6812.7,6575.1,121.48K,0.19%
19-Jun-18,6752.4,6719.8,6839.5,6681.5,120.54K,0.49%
18-Jun-18,6719.8,6460.5,6794.5,6410.9,135.70K,4.02%
17-Jun-18,6460.3,6505.8,6593,6452.1,90.67K,-0.70%
16-Jun-18,6505.8,6410,6564.2,6358,108.79K,1.49%
15-Jun-18,6410.3,6647.3,6655.8,6395.7,143.53K,-3.56%
14-Jun-18,6647.1,6312.3,6711.5,6283.6,201.54K,5.30%
13-Jun-18,6312.3,6558.5,6624.6,6129.1,237.48K,-3.75%
12-Jun-18,6558.2,6885.9,6887.2,6476,178.26K,-4.76%
11-Jun-18,6885.9,6775.2,6910.8,6657.2,174.88K,1.64%
10-Jun-18,6775.1,7515.8,7516.3,6668.1,275.69K,-9.85%
9-Jun-18,7515.8,7622.1,7689,7493.3,97.56K,-1.40%
8-Jun-18,7622.1,7697.9,7710.5,7556.9,112.88K,-0.98%
7-Jun-18,7697.8,7661,7754.7,7657.7,124.00K,0.48%
6-Jun-18,7661,7631.5,7699.1,7504.4,130.66K,0.39%
5-Jun-18,7631.5,7507.4,7672.6,7391,145.23K,1.69%
4-Jun-18,7504.3,7729.3,7759.9,7468.4,141.01K,-2.91%
3-Jun-18,7729.3,7646.6,7775,7611.3,116.68K,1.08%
2-Jun-18,7646.6,7530.8,7694.5,7467.9,121.18K,1.54%
1-Jun-18,7530.8,7502.5,7610.4,7375.8,135.92K,0.38%
31-May-18,7502.6,7400.8,7611.9,7355,144.52K,1.39%
30-May-18,7400.1,7469.2,7565.2,7306.8,140.37K,-0.91%
29-May-18,7467.7,7119.3,7533,7069.8,186.97K,4.89%
28-May-18,7119.3,7367.3,7446.9,7090.6,152.29K,-3.36%
27-May-18,7366.7,7361.9,7411.8,7267.5,103.29K,0.07%
26-May-18,7361.3,7478.5,7619.3,7331.5,103.07K,-1.56%
25-May-18,7477.7,7593.9,7653.4,7355.6,161.82K,-1.52%
24-May-18,7592.9,7512.3,7736.6,7293.4,211.11K,1.07%
23-May-18,7512.3,8005.7,8047.4,7467.6,237.60K,-6.17%
22-May-18,8006,8403.8,8414.5,7979.3,137.51K,-4.73%
21-May-18,8403.3,8529.5,8550.6,8375.5,115.52K,-1.47%
20-May-18,8529,8243.9,8580.4,8184.7,113.76K,3.44%
19-May-18,8245.1,8244.7,8389.1,8153.2,107.89K,-0.01%
18-May-18,8245.7,8064.4,8273.6,7939.8,150.32K,2.27%
17-May-18,8063,8344.6,8458.7,8022.3,154.36K,-3.37%
16-May-18,8344.4,8477,8496.4,8120.1,188.03K,-1.56%
15-May-18,8477,8674,8842.1,8436.5,179.62K,-2.27%
14-May-18,8674.1,8693.4,8878.3,8305.1,212.05K,-0.22%
13-May-18,8693.5,8489.1,8758.4,8330,149.80K,2.77%
12-May-18,8459.5,8409.6,8646.1,8184.1,210.87K,0.61%
11-May-18,8408.3,9026,9028.7,8359.6,270.62K,-6.84%
10-May-18,9025.7,9319.2,9393.3,9013.4,152.71K,-3.15%
9-May-18,9319.1,9194.9,9377.9,8988,147.89K,1.33%
8-May-18,9196.4,9373.9,9404.4,9079.8,157.45K,-2.49%
7-May-18,9431.6,9651.1,9675.6,9204.2,165.08K,-2.33%
6-May-18,9656.4,9859.6,9957.7,9446.7,150.95K,-2.00%
5-May-18,9853.5,9709.5,9992.8,9691.3,158.45K,1.49%
4-May-18,9708.6,9747.6,9800.9,9549,161.55K,-0.42%
3-May-18,9749.7,9244.2,9809.4,9171.4,201.18K,5.48%
2-May-18,9243.2,9076.8,9265.7,8991.9,137.48K,1.85%
1-May-18,9074.9,9245.1,9245.1,8851,173.35K,-1.84%
30-Apr-18,9245.1,9415.8,9456.7,9135.4,156.83K,-1.80%
29-Apr-18,9415.1,9352.2,9565.1,9182.8,184.72K,0.67%
28-Apr-18,9352.4,8940.8,9428.9,8895.5,199.78K,4.60%
27-Apr-18,8940.9,9282.8,9386.3,8920.2,184.91K,-3.73%
26-Apr-18,9287,8874.5,9303.6,8669.8,248.39K,4.67%
25-Apr-18,8873.1,9645,9753.1,8768.1,395.67K,-8.01%
24-Apr-18,9645.3,8952.7,9734.8,8937,260.79K,7.73%
23-Apr-18,8952.8,8809.3,9001,8785.3,147.54K,1.66%
22-Apr-18,8806.7,8923.6,9022.3,8766.5,161.89K,-1.30%
21-Apr-18,8923.1,8867,9027.7,8614.5,206.01K,0.63%
20-Apr-18,8867,8292.3,8926.2,8224.5,225.96K,6.95%
19-Apr-18,8290.8,8179,8303.7,8126.7,155.08K,1.37%
18-Apr-18,8178.4,7908.5,8227.6,7895.3,163.26K,3.41%
17-Apr-18,7908.6,8070,8171.7,7852.8,162.59K,-2.00%
16-Apr-18,8070,8362.2,8412.9,7908.5,197.70K,-3.51%
15-Apr-18,8363.6,8004.6,8411.5,8004.6,160.26K,4.49%
14-Apr-18,8004.4,7891.1,8180.2,7839.3,164.71K,1.48%
13-Apr-18,7887.4,7926.9,8228,7756.6,296.95K,-0.49%
12-Apr-18,7926.6,6963.3,8009.6,6779.3,398.30K,13.85%
11-Apr-18,6962.1,6855.6,6988.6,6818.4,142.07K,1.56%
10-Apr-18,6854.8,6782.6,6899.5,6671.6,134.23K,1.08%
9-Apr-18,6781.9,7035.7,7192.5,6633.2,241.19K,-3.54%
8-Apr-18,7030.5,6905.9,7113.4,6903.9,132.51K,1.81%
7-Apr-18,6905.7,6624.5,7071.9,6616.1,177.10K,4.25%
6-Apr-18,6624.3,6783.7,6859.7,6523.4,174.90K,-2.33%
5-Apr-18,6782,6808.7,6918.2,6592.5,221.70K,-0.40%
4-Apr-18,6808.9,7423.8,7432.9,6726.9,239.51K,-8.29%
3-Apr-18,7424.2,7067.2,7519.3,7032.9,230.80K,5.03%
2-Apr-18,7068.4,6825.4,7121.3,6787.6,199.31K,3.56%
1-Apr-18,6825.2,6939.1,7047.7,6460.1,257.53K,-1.63%
31-Mar-18,6938.2,6856.5,7221.5,6804.9,245.30K,1.23%
30-Mar-18,6853.7,7132.4,7288.1,6603.8,417.31K,-3.86%
29-Mar-18,7129.2,7955.2,7980.7,6954.9,348.75K,-10.38%
28-Mar-18,7954.9,7803,8110.4,7754.5,167.36K,1.96%
27-Mar-18,7801.7,8146.5,8218.3,7760.6,223.10K,-4.20%
26-Mar-18,8143.5,8474,8515.7,7865.9,247.18K,-3.89%
25-Mar-18,8473.2,8549.1,8679,8392.2,149.52K,-0.87%
24-Mar-18,8547.4,8917.3,9008.8,8523.6,177.43K,-4.14%
23-Mar-18,8916.8,8725.3,8917,8305.6,210.11K,2.18%
22-Mar-18,8726.2,8903.7,9096.2,8499.1,223.01K,-2.02%
21-Mar-18,8905.9,8912.4,9173.4,8775.1,218.19K,-0.08%
20-Mar-18,8912.6,8614.1,9039.6,8326.8,253.44K,3.43%
19-Mar-18,8616.8,8200.9,8698.3,8127.7,316.96K,5.07%
18-Mar-18,8201.2,7873.2,8283.6,7323.3,348.02K,4.14%
17-Mar-18,7874.9,8198,8344.8,7760.2,208.05K,-5.00%
16-Mar-18,8289.2,8264.3,8604.8,7929.1,236.13K,0.30%
15-Mar-18,8264.4,8210.2,8427,7691.7,326.53K,0.66%
14-Mar-18,8210.6,9154.9,9353.4,7958.5,305.45K,-10.32%
13-Mar-18,9154.9,9138.7,9482,8875.1,239.46K,0.19%
12-Mar-18,9137.4,9535.8,9892.2,8804.1,257.91K,-4.12%
11-Mar-18,9529.6,8732.2,9719.6,8516.4,266.59K,8.76%
10-Mar-18,8762,9216.2,9500,8691.1,198.73K,-4.94%
9-Mar-18,9217,9301.9,9420.5,8351,371.46K,-0.89%
8-Mar-18,9300,9910.7,10109,9037,256.26K,-6.09%
7-Mar-18,9902.9,10779,10899,9422.1,284.54K,-7.23%
6-Mar-18,10675.1,11314.2,11316.4,10412,230.65K,-5.78%
5-Mar-18,11330.6,11415.7,11506.9,11281.2,162.11K,-0.75%
4-Mar-18,11416.5,11402.8,11490.3,10878.4,156.40K,0.12%
3-Mar-18,11402.3,10822.5,11420.7,9585.5,172.20K,5.31%
2-Mar-18,10827.7,10904.5,11167,10677.1,201.69K,-0.70%
1-Mar-18,10904.5,10335.1,11047.8,10248.7,188.77K,5.52%
28-Feb-18,10333.9,10584.4,11070.7,10303.4,215.22K,-2.46%
27-Feb-18,10594.4,10287.8,10867.2,10120.5,202.58K,3.01%
26-Feb-18,10285.1,9590.9,10378.4,9410.3,235.94K,7.30%
